"id_transaksi","id_stasiun","tanggal","durasi_menit","energi_kwh","status","pendapatan"
"TRX00001","ST008",2026-05-10,26,48.96,"Selesai",122400
"TRX00002","ST005",2026-05-22,55,10.31,"Selesai",25775
"TRX00003","ST001",2026-06-30,47,17.23,"Selesai",43075
"TRX00004","ST009",2026-03-08,36,15.07,"Selesai",37675
"TRX00005","ST007",2026-02-25,31,58.41,"Gagal",0
"TRX00006","ST002",2026-06-05,49,27.74,"Selesai",69350
"TRX00007","ST010",2026-04-04,45,45.83,"Selesai",114575
"TRX00008","ST004",2026-02-16,53,44.26,"Selesai",110650
"TRX00009","ST007",2026-05-27,54,13.91,"Selesai",34775
"TRX00010","ST010",2026-01-12,66,45.09,"Selesai",112725
"TRX00011","ST006",2026-01-18,68,12.58,"Selesai",31450
"TRX00012","ST010",2026-02-12,29,6.82,"Selesai",17050
"TRX00013","ST005",2026-05-17,69,50.8,"Gagal",0
"TRX00014","ST003",2026-05-05,43,37.8,"Selesai",94500
"TRX00015","ST006",2026-03-13,52,34.95,"Selesai",87375
"TRX00016","ST005",2026-02-10,50,7.1,"Selesai",17750
"TRX00017","ST005",2026-01-08,47,9.16,"Selesai",22900
"TRX00018","ST004",2026-05-16,38,59.33,"Selesai",148325
"TRX00019","ST006",2026-01-10,39,6.79,"Selesai",16975
"TRX00020","ST002",2026-03-15,68,14.51,"Selesai",36275
"TRX00021","ST008",2026-06-11,85,48.37,"Gagal",0
"TRX00022","ST004",2026-04-16,61,57.48,"Selesai",143700
"TRX00023","ST005",2026-06-25,60,33.44,"Selesai",83600
"TRX00024","ST005",2026-05-28,43,25.21,"Gagal",0
"TRX00025","ST004",2026-03-30,27,52.3,"Selesai",130750
"TRX00026","ST002",2026-04-28,46,45.29,"Selesai",113225
"TRX00027","ST006",2026-04-20,47,11.97,"Selesai",29925
"TRX00028","ST008",2026-04-25,47,16.61,"Selesai",41525
"TRX00029","ST006",2026-02-01,45,52.8,"Selesai",132000
"TRX00030","ST009",2026-04-10,66,35.05,"Selesai",87625
"TRX00031","ST010",2026-02-17,69,18.46,"Selesai",46150
"TRX00032","ST009",2026-03-20,60,45.06,"Selesai",112650
"TRX00033","ST001",2026-06-01,34,15.18,"Gagal",0
"TRX00034","ST007",2026-03-30,47,56.52,"Selesai",141300
"TRX00035","ST004",2026-01-11,67,11.23,"Selesai",28075
"TRX00036","ST009",2026-03-24,55,19.59,"Gagal",0
"TRX00037","ST004",2026-05-13,35,35.61,"Selesai",89025
"TRX00038","ST003",2026-01-19,40,8.24,"Selesai",20600
"TRX00039","ST008",2026-03-04,30,12.09,"Selesai",30225
"TRX00040","ST007",2026-04-17,58,11.06,"Gagal",0
"TRX00041","ST001",2026-04-28,37,52.62,"Selesai",131550
"TRX00042","ST006",2026-04-24,60,35.26,"Gagal",0
"TRX00043","ST004",2026-02-21,66,26.25,"Selesai",65625
"TRX00044","ST005",2026-05-07,59,38.13,"Gagal",0
"TRX00045","ST006",2026-02-28,39,43.25,"Selesai",108125
"TRX00046","ST005",2026-02-11,29,26.54,"Selesai",66350
"TRX00047","ST008",2026-05-13,33,37.61,"Gagal",0
"TRX00048","ST007",2026-04-19,47,33.59,"Selesai",83975
"TRX00049","ST005",2026-06-19,40,18.32,"Gagal",0
"TRX00050","ST007",2026-01-17,62,25.79,"Selesai",64475
"TRX00051","ST001",2026-02-24,45,10.6,"Selesai",26500
"TRX00052","ST001",2026-04-20,13,23.52,"Gagal",0
"TRX00053","ST006",2026-04-02,58,25.69,"Selesai",64225
"TRX00054","ST009",2026-05-30,73,59.32,"Selesai",148300
"TRX00055","ST004",2026-03-10,37,10.1,"Gagal",0
"TRX00056","ST010",2026-05-23,50,34.4,"Selesai",86000
"TRX00057","ST007",2026-01-26,41,9.73,"Selesai",24325
"TRX00058","ST003",2026-04-12,28,53.92,"Selesai",134800
"TRX00059","ST003",2026-06-10,38,39.09,"Selesai",97725
"TRX00060","ST002",2026-04-02,43,59.76,"Gagal",0
"TRX00061","ST007",2026-05-31,39,26.51,"Selesai",66275
"TRX00062","ST005",2026-04-19,49,10.09,"Selesai",25225
"TRX00063","ST010",2026-02-10,24,52.69,"Selesai",131725
"TRX00064","ST002",2026-03-19,60,29.49,"Selesai",73725
"TRX00065","ST009",2026-01-12,31,50.97,"Gagal",0
"TRX00066","ST003",2026-05-26,42,32.44,"Gagal",0
"TRX00067","ST001",2026-01-07,52,8.12,"Gagal",0
"TRX00068","ST009",2026-01-16,57,53.73,"Selesai",134325
"TRX00069","ST010",2026-05-20,22,51.44,"Gagal",0
"TRX00070","ST003",2026-06-21,31,25.42,"Gagal",0
"TRX00071","ST004",2026-01-06,42,54.15,"Selesai",135375
"TRX00072","ST003",2026-05-27,25,39.28,"Gagal",0
"TRX00073","ST003",2026-03-07,48,40.72,"Selesai",101800
"TRX00074","ST006",2026-03-13,42,36.46,"Selesai",91150
"TRX00075","ST003",2026-01-24,76,10.22,"Selesai",25550
"TRX00076","ST010",2026-01-21,22,40.53,"Gagal",0
"TRX00077","ST004",2026-06-10,41,42.43,"Selesai",106075
"TRX00078","ST001",2026-06-02,26,19.31,"Selesai",48275
"TRX00079","ST002",2026-06-24,32,54.65,"Selesai",136625
"TRX00080","ST004",2026-01-28,67,59.72,"Selesai",149300
"TRX00081","ST002",2026-02-19,23,22.18,"Selesai",55450
"TRX00082","ST003",2026-02-15,65,11.98,"Selesai",29950
"TRX00083","ST001",2026-03-30,39,40.4,"Gagal",0
"TRX00084","ST007",2026-05-06,55,25.81,"Selesai",64525
"TRX00085","ST009",2026-01-06,28,56.42,"Gagal",0
"TRX00086","ST002",2026-06-13,58,41.38,"Selesai",103450
"TRX00087","ST003",2026-01-21,61,53.38,"Gagal",0
"TRX00088","ST004",2026-05-09,23,41.68,"Selesai",104200
"TRX00089","ST004",2026-05-07,60,28.45,"Gagal",0
"TRX00090","ST001",2026-01-01,41,11.66,"Selesai",29150
"TRX00091","ST007",2026-01-01,66,57.69,"Selesai",144225
"TRX00092","ST004",2026-01-15,37,29.22,"Selesai",73050
"TRX00093","ST003",2026-06-04,48,29.49,"Selesai",73725
"TRX00094","ST005",2026-05-01,35,9.45,"Selesai",23625
"TRX00095","ST008",2026-05-26,52,13.41,"Selesai",33525
"TRX00096","ST010",2026-02-28,62,50.13,"Selesai",125325
"TRX00097","ST001",2026-04-04,56,24.11,"Selesai",60275
"TRX00098","ST002",2026-03-16,29,14.84,"Gagal",0
"TRX00099","ST010",2026-02-02,63,47.06,"Gagal",0
"TRX00100","ST007",2026-04-26,38,12.15,"Selesai",30375
"TRX00101","ST007",2026-04-12,49,49.88,"Gagal",0
"TRX00102","ST003",2026-06-20,65,32.37,"Selesai",80925
"TRX00103","ST003",2026-05-24,50,53.35,"Selesai",133375
"TRX00104","ST001",2026-02-25,38,10.75,"Selesai",26875
"TRX00105","ST005",2026-04-18,52,53.08,"Selesai",132700
"TRX00106","ST005",2026-06-19,39,37.13,"Selesai",92825
"TRX00107","ST010",2026-01-08,41,35.99,"Selesai",89975
"TRX00108","ST010",2026-04-30,73,20.91,"Gagal",0
"TRX00109","ST002",2026-03-01,62,37.77,"Selesai",94425
"TRX00110","ST004",2026-06-17,48,19.57,"Gagal",0
"TRX00111","ST007",2026-06-16,25,28.29,"Selesai",70725
"TRX00112","ST009",2026-06-23,71,8.04,"Gagal",0
"TRX00113","ST010",2026-04-21,58,35.98,"Selesai",89950
"TRX00114","ST006",2026-02-16,25,5.36,"Gagal",0
"TRX00115","ST002",2026-01-11,59,57.65,"Selesai",144125
"TRX00116","ST002",2026-02-20,56,52.66,"Selesai",131650
"TRX00117","ST004",2026-06-27,55,7.74,"Selesai",19350
"TRX00118","ST001",2026-05-23,54,57.85,"Selesai",144625
"TRX00119","ST007",2026-03-24,54,56.43,"Gagal",0
"TRX00120","ST009",2026-03-28,52,54.25,"Selesai",135625
"TRX00121","ST001",2026-04-29,60,26.27,"Selesai",65675
"TRX00122","ST006",2026-01-25,36,30.71,"Selesai",76775
"TRX00123","ST002",2026-01-03,48,25.86,"Selesai",64650
"TRX00124","ST002",2026-04-02,47,35.72,"Gagal",0
"TRX00125","ST010",2026-06-19,47,50.56,"Selesai",126400
"TRX00126","ST006",2026-01-16,32,40.12,"Gagal",0
"TRX00127","ST008",2026-01-21,49,14.2,"Selesai",35500
"TRX00128","ST005",2026-01-27,42,25.24,"Selesai",63100
"TRX00129","ST003",2026-06-08,54,48.19,"Selesai",120475
"TRX00130","ST010",2026-06-10,47,42.89,"Selesai",107225
"TRX00131","ST008",2026-02-27,34,36.71,"Selesai",91775
"TRX00132","ST007",2026-04-17,54,48.82,"Selesai",122050
"TRX00133","ST007",2026-04-01,52,36.8,"Selesai",92000
"TRX00134","ST005",2026-06-12,37,50.56,"Gagal",0
"TRX00135","ST008",2026-03-10,40,22.31,"Selesai",55775
"TRX00136","ST002",2026-01-28,77,53.29,"Selesai",133225
"TRX00137","ST009",2026-02-15,47,47.65,"Selesai",119125
"TRX00138","ST004",2026-06-25,38,23.52,"Gagal",0
"TRX00139","ST010",2026-06-14,36,49.58,"Selesai",123950
"TRX00140","ST007",2026-02-07,54,39.71,"Selesai",99275
"TRX00141","ST003",2026-05-29,51,20.49,"Selesai",51225
"TRX00142","ST004",2026-05-12,54,30.17,"Selesai",75425
"TRX00143","ST006",2026-05-13,40,26.75,"Selesai",66875
"TRX00144","ST009",2026-03-29,36,10.45,"Selesai",26125
"TRX00145","ST010",2026-02-27,21,47.77,"Selesai",119425
"TRX00146","ST009",2026-05-20,55,15.01,"Selesai",37525
"TRX00147","ST003",2026-01-28,75,46.18,"Selesai",115450
"TRX00148","ST005",2026-03-04,18,26.35,"Selesai",65875
"TRX00149","ST001",2026-06-19,55,6.99,"Selesai",17475
"TRX00150","ST003",2026-04-22,24,38.28,"Selesai",95700
"TRX00151","ST010",2026-02-05,39,35.5,"Selesai",88750
"TRX00152","ST001",2026-05-10,43,53.93,"Gagal",0
"TRX00153","ST009",2026-05-05,49,8.27,"Gagal",0
"TRX00154","ST006",2026-01-12,39,48.69,"Gagal",0
"TRX00155","ST007",2026-06-22,55,48.51,"Selesai",121275
"TRX00156","ST009",2026-01-01,39,10.83,"Selesai",27075
"TRX00157","ST003",2026-02-16,48,34.83,"Selesai",87075
"TRX00158","ST004",2026-03-17,60,44.94,"Selesai",112350
"TRX00159","ST004",2026-04-21,60,25.03,"Gagal",0
"TRX00160","ST007",2026-04-22,48,15,"Selesai",37500
"TRX00161","ST005",2026-04-05,57,38.84,"Selesai",97100
"TRX00162","ST002",2026-02-18,62,49.88,"Gagal",0
"TRX00163","ST007",2026-01-01,39,24.16,"Selesai",60400
"TRX00164","ST003",2026-01-31,29,14.35,"Gagal",0
"TRX00165","ST002",2026-03-08,31,48.77,"Gagal",0
"TRX00166","ST003",2026-01-04,43,10.9,"Gagal",0
"TRX00167","ST006",2026-06-02,65,44.21,"Gagal",0
"TRX00168","ST001",2026-03-16,42,34.29,"Selesai",85725
"TRX00169","ST004",2026-02-08,34,8,"Selesai",20000
"TRX00170","ST003",2026-03-15,52,16.44,"Selesai",41100
"TRX00171","ST010",2026-03-21,39,53.99,"Selesai",134975
"TRX00172","ST006",2026-02-04,73,52.11,"Selesai",130275
"TRX00173","ST006",2026-01-21,61,52.54,"Gagal",0
"TRX00174","ST006",2026-03-02,42,13.09,"Selesai",32725
"TRX00175","ST006",2026-01-29,17,46.33,"Gagal",0
"TRX00176","ST004",2026-04-17,69,43.34,"Gagal",0
"TRX00177","ST009",2026-02-06,29,55.92,"Selesai",139800
"TRX00178","ST002",2026-04-22,41,51.08,"Gagal",0
"TRX00179","ST009",2026-03-09,52,49.73,"Selesai",124325
"TRX00180","ST010",2026-06-24,59,24.94,"Selesai",62350
"TRX00181","ST008",2026-01-08,46,17.42,"Gagal",0
"TRX00182","ST008",2026-04-29,50,42.09,"Selesai",105225
"TRX00183","ST001",2026-03-05,41,8.98,"Selesai",22450
"TRX00184","ST003",2026-03-14,17,20.2,"Selesai",50500
"TRX00185","ST010",2026-05-12,54,32.78,"Selesai",81950
"TRX00186","ST010",2026-05-18,43,12.03,"Selesai",30075
"TRX00187","ST008",2026-05-11,65,59.74,"Selesai",149350
"TRX00188","ST009",2026-02-08,66,5.54,"Gagal",0
"TRX00189","ST004",2026-06-15,46,43.29,"Gagal",0
"TRX00190","ST001",2026-01-17,22,14.74,"Selesai",36850
"TRX00191","ST003",2026-05-03,46,8.85,"Selesai",22125
"TRX00192","ST009",2026-06-03,40,40.95,"Selesai",102375
"TRX00193","ST004",2026-05-28,35,28.56,"Gagal",0
"TRX00194","ST004",2026-06-19,46,34.13,"Gagal",0
"TRX00195","ST004",2026-03-25,43,34.96,"Gagal",0
"TRX00196","ST004",2026-05-20,50,13,"Selesai",32500
"TRX00197","ST002",2026-05-28,41,44.75,"Selesai",111875
"TRX00198","ST004",2026-01-28,53,30.8,"Selesai",77000
"TRX00199","ST010",2026-04-09,40,26.31,"Gagal",0
"TRX00200","ST010",2026-03-03,33,5.43,"Selesai",13575
"TRX00201","ST008",2026-04-24,52,57.22,"Selesai",143050
"TRX00202","ST002",2026-01-03,68,48.5,"Gagal",0
"TRX00203","ST008",2026-02-16,10,43.4,"Selesai",108500
"TRX00204","ST006",2026-05-20,18,15.57,"Gagal",0
"TRX00205","ST003",2026-06-24,26,32.57,"Selesai",81425
"TRX00206","ST006",2026-02-04,54,29.76,"Selesai",74400
"TRX00207","ST005",2026-05-28,63,11.85,"Selesai",29625
"TRX00208","ST006",2026-04-12,36,41.27,"Selesai",103175
"TRX00209","ST003",2026-01-10,74,36.87,"Selesai",92175
"TRX00210","ST003",2026-03-31,53,15.86,"Selesai",39650
"TRX00211","ST002",2026-03-04,55,5.26,"Selesai",13150
"TRX00212","ST007",2026-04-05,46,56.08,"Gagal",0
"TRX00213","ST001",2026-04-12,54,28.79,"Selesai",71975
"TRX00214","ST004",2026-06-20,55,39.13,"Selesai",97825
"TRX00215","ST006",2026-03-06,37,13.96,"Gagal",0
"TRX00216","ST009",2026-02-11,33,41.65,"Selesai",104125
"TRX00217","ST002",2026-02-27,36,41.27,"Gagal",0
"TRX00218","ST001",2026-06-12,30,48.51,"Selesai",121275
"TRX00219","ST002",2026-01-13,45,46.38,"Selesai",115950
"TRX00220","ST008",2026-03-10,69,50.18,"Selesai",125450
"TRX00221","ST006",2026-02-17,46,18.98,"Gagal",0
"TRX00222","ST003",2026-01-14,38,43.89,"Selesai",109725
"TRX00223","ST002",2026-04-01,51,14.45,"Selesai",36125
"TRX00224","ST005",2026-06-10,39,59.51,"Selesai",148775
"TRX00225","ST001",2026-02-01,65,40.01,"Selesai",100025
"TRX00226","ST009",2026-01-01,37,20.03,"Gagal",0
"TRX00227","ST001",2026-02-01,50,16.72,"Gagal",0
"TRX00228","ST003",2026-06-20,34,56.74,"Selesai",141850
"TRX00229","ST004",2026-03-19,28,7.32,"Selesai",18300
"TRX00230","ST003",2026-03-25,26,9.83,"Selesai",24575
"TRX00231","ST001",2026-05-11,47,13.98,"Selesai",34950
"TRX00232","ST003",2026-04-29,32,21.81,"Selesai",54525
"TRX00233","ST001",2026-01-03,52,44.08,"Selesai",110200
"TRX00234","ST004",2026-04-29,50,22.39,"Selesai",55975
"TRX00235","ST005",2026-02-28,68,37.39,"Selesai",93475
"TRX00236","ST009",2026-04-23,44,15.15,"Gagal",0
"TRX00237","ST004",2026-02-20,33,5.07,"Selesai",12675
"TRX00238","ST008",2026-01-23,75,34.87,"Selesai",87175
"TRX00239","ST002",2026-02-23,58,11.01,"Selesai",27525
"TRX00240","ST006",2026-02-15,48,45.82,"Selesai",114550
"TRX00241","ST004",2026-06-10,32,50.95,"Selesai",127375
"TRX00242","ST002",2026-03-11,40,16.33,"Selesai",40825
"TRX00243","ST004",2026-01-06,71,39.98,"Selesai",99950
"TRX00244","ST003",2026-02-18,34,40.23,"Selesai",100575
"TRX00245","ST002",2026-04-26,52,14.4,"Gagal",0
"TRX00246","ST006",2026-01-08,51,45.52,"Selesai",113800
"TRX00247","ST003",2026-01-09,52,47.3,"Gagal",0
"TRX00248","ST003",2026-06-13,49,34.64,"Selesai",86600
"TRX00249","ST006",2026-02-05,40,37.41,"Selesai",93525
"TRX00250","ST005",2026-05-23,53,16.63,"Selesai",41575
"TRX00251","ST001",2026-02-27,36,36.15,"Gagal",0
"TRX00252","ST003",2026-01-07,54,12.43,"Selesai",31075
"TRX00253","ST003",2026-01-29,43,9.33,"Selesai",23325
"TRX00254","ST002",2026-05-07,57,15.85,"Selesai",39625
"TRX00255","ST004",2026-05-25,30,6.51,"Gagal",0
"TRX00256","ST009",2026-03-06,40,43.4,"Selesai",108500
"TRX00257","ST004",2026-02-27,58,12.69,"Gagal",0
"TRX00258","ST002",2026-02-24,63,57.95,"Selesai",144875
"TRX00259","ST002",2026-03-13,49,58.65,"Selesai",146625
"TRX00260","ST007",2026-02-17,42,20.08,"Selesai",50200
"TRX00261","ST010",2026-04-20,54,24.18,"Gagal",0
"TRX00262","ST004",2026-05-01,51,56.12,"Selesai",140300
"TRX00263","ST001",2026-03-15,64,24.28,"Selesai",60700
"TRX00264","ST005",2026-02-16,77,13.24,"Selesai",33100
"TRX00265","ST002",2026-04-01,48,28.89,"Selesai",72225
"TRX00266","ST004",2026-04-02,67,20.61,"Selesai",51525
"TRX00267","ST008",2026-02-19,54,33.44,"Gagal",0
"TRX00268","ST003",2026-01-02,55,30.82,"Selesai",77050
"TRX00269","ST008",2026-01-26,53,38.02,"Selesai",95050
"TRX00270","ST008",2026-05-16,35,23.35,"Selesai",58375
"TRX00271","ST004",2026-04-02,48,51.82,"Selesai",129550
"TRX00272","ST009",2026-06-09,35,36.39,"Gagal",0
"TRX00273","ST006",2026-02-06,55,46.89,"Selesai",117225
"TRX00274","ST004",2026-01-07,29,48.9,"Selesai",122250
"TRX00275","ST008",2026-01-30,66,59.56,"Selesai",148900
"TRX00276","ST001",2026-04-27,63,51.88,"Gagal",0
"TRX00277","ST001",2026-03-22,64,58.75,"Selesai",146875
"TRX00278","ST006",2026-06-30,52,47.74,"Selesai",119350
"TRX00279","ST006",2026-06-25,36,53.09,"Gagal",0
"TRX00280","ST001",2026-01-23,40,8.64,"Selesai",21600
"TRX00281","ST006",2026-04-02,39,6.22,"Gagal",0
"TRX00282","ST004",2026-02-06,27,20.25,"Selesai",50625
"TRX00283","ST003",2026-01-01,24,56.95,"Selesai",142375
"TRX00284","ST005",2026-05-30,66,24.9,"Selesai",62250
"TRX00285","ST001",2026-02-21,36,38.05,"Selesai",95125
"TRX00286","ST003",2026-03-26,57,46.58,"Gagal",0
"TRX00287","ST006",2026-02-20,21,48.75,"Selesai",121875
"TRX00288","ST004",2026-01-01,65,8.23,"Selesai",20575
"TRX00289","ST001",2026-02-12,39,17.93,"Selesai",44825
"TRX00290","ST004",2026-05-20,71,18.69,"Selesai",46725
"TRX00291","ST008",2026-04-09,18,47.37,"Gagal",0
"TRX00292","ST010",2026-06-06,22,46.09,"Selesai",115225
"TRX00293","ST001",2026-02-15,35,57.71,"Selesai",144275
"TRX00294","ST001",2026-05-09,29,50.67,"Selesai",126675
"TRX00295","ST001",2026-02-18,65,36.98,"Selesai",92450
"TRX00296","ST004",2026-01-01,54,38.8,"Selesai",97000
"TRX00297","ST010",2026-03-07,42,22.65,"Selesai",56625
"TRX00298","ST007",2026-01-13,35,57.47,"Selesai",143675
"TRX00299","ST003",2026-06-20,45,44.87,"Selesai",112175
"TRX00300","ST004",2026-04-29,43,5.43,"Selesai",13575
"TRX00301","ST006",2026-06-15,51,41.7,"Selesai",104250
"TRX00302","ST006",2026-05-30,57,37.5,"Gagal",0
"TRX00303","ST004",2026-01-12,43,31.44,"Gagal",0
"TRX00304","ST001",2026-04-03,60,31.01,"Gagal",0
"TRX00305","ST008",2026-05-03,69,6.38,"Selesai",15950
"TRX00306","ST005",2026-02-23,56,13.7,"Gagal",0
"TRX00307","ST006",2026-01-01,64,41.8,"Selesai",104500
"TRX00308","ST003",2026-03-18,55,20.83,"Selesai",52075
"TRX00309","ST001",2026-06-08,59,32.98,"Selesai",82450
"TRX00310","ST001",2026-02-04,36,37.73,"Selesai",94325
"TRX00311","ST004",2026-03-30,52,39.38,"Gagal",0
"TRX00312","ST005",2026-02-09,53,53.82,"Selesai",134550
"TRX00313","ST006",2026-01-25,23,44.28,"Selesai",110700
"TRX00314","ST004",2026-04-29,74,37.98,"Selesai",94950
"TRX00315","ST003",2026-02-06,42,36.61,"Selesai",91525
"TRX00316","ST005",2026-01-11,16,45.86,"Gagal",0
"TRX00317","ST001",2026-02-14,51,47.25,"Selesai",118125
"TRX00318","ST007",2026-06-24,61,14.71,"Selesai",36775
"TRX00319","ST008",2026-01-19,44,35.44,"Selesai",88600
"TRX00320","ST005",2026-04-07,47,23.05,"Selesai",57625
"TRX00321","ST006",2026-04-19,61,46.09,"Selesai",115225
"TRX00322","ST006",2026-05-02,45,31.64,"Selesai",79100
"TRX00323","ST003",2026-01-25,35,5.55,"Selesai",13875
"TRX00324","ST001",2026-03-22,46,35.63,"Selesai",89075
"TRX00325","ST002",2026-01-12,65,49.36,"Selesai",123400
"TRX00326","ST005",2026-05-19,49,43.59,"Selesai",108975
"TRX00327","ST001",2026-06-20,54,31.02,"Selesai",77550
"TRX00328","ST009",2026-01-05,82,28.45,"Selesai",71125
"TRX00329","ST010",2026-02-01,40,53.72,"Selesai",134300
"TRX00330","ST010",2026-06-30,34,47.81,"Selesai",119525
"TRX00331","ST008",2026-03-26,64,5.31,"Gagal",0
"TRX00332","ST004",2026-04-27,26,38.23,"Selesai",95575
"TRX00333","ST003",2026-02-06,69,59.24,"Selesai",148100
"TRX00334","ST006",2026-02-25,36,9.82,"Selesai",24550
"TRX00335","ST007",2026-01-19,45,33.13,"Selesai",82825
"TRX00336","ST006",2026-06-04,77,40.21,"Selesai",100525
"TRX00337","ST002",2026-01-27,37,57.1,"Selesai",142750
"TRX00338","ST001",2026-06-19,42,7.41,"Selesai",18525
"TRX00339","ST009",2026-04-21,19,42.15,"Selesai",105375
"TRX00340","ST001",2026-03-07,24,19.43,"Gagal",0
"TRX00341","ST006",2026-02-14,30,48.98,"Selesai",122450
"TRX00342","ST004",2026-06-04,54,38.78,"Selesai",96950
"TRX00343","ST009",2026-05-20,25,53.19,"Selesai",132975
"TRX00344","ST001",2026-01-04,46,10.29,"Selesai",25725
"TRX00345","ST004",2026-06-05,48,14.65,"Selesai",36625
"TRX00346","ST004",2026-01-28,41,30,"Selesai",75000
"TRX00347","ST005",2026-04-19,57,45.68,"Selesai",114200
"TRX00348","ST001",2026-03-31,51,30.46,"Selesai",76150
"TRX00349","ST009",2026-04-22,44,36.49,"Selesai",91225
"TRX00350","ST008",2026-01-10,47,29.82,"Selesai",74550
"TRX00351","ST006",2026-06-25,26,16.01,"Selesai",40025
"TRX00352","ST002",2026-06-18,70,15.37,"Selesai",38425
"TRX00353","ST004",2026-04-18,50,5.68,"Gagal",0
"TRX00354","ST003",2026-06-24,45,44.92,"Gagal",0
"TRX00355","ST010",2026-01-09,40,44.2,"Selesai",110500
"TRX00356","ST006",2026-05-10,35,46.98,"Selesai",117450
"TRX00357","ST007",2026-02-28,62,43.76,"Selesai",109400
"TRX00358","ST005",2026-05-22,47,24.14,"Selesai",60350
"TRX00359","ST006",2026-06-21,28,37.7,"Selesai",94250
"TRX00360","ST006",2026-01-29,58,41.61,"Selesai",104025
"TRX00361","ST002",2026-01-12,57,21.53,"Selesai",53825
"TRX00362","ST007",2026-05-30,42,16.07,"Gagal",0
"TRX00363","ST001",2026-06-05,34,28.94,"Gagal",0
"TRX00364","ST005",2026-02-12,31,32.99,"Selesai",82475
"TRX00365","ST007",2026-01-25,52,32.64,"Selesai",81600
"TRX00366","ST002",2026-04-30,48,47.7,"Selesai",119250
"TRX00367","ST007",2026-05-07,30,41.76,"Selesai",104400
"TRX00368","ST008",2026-01-09,47,37.84,"Selesai",94600
"TRX00369","ST006",2026-04-07,53,56.22,"Selesai",140550
"TRX00370","ST001",2026-05-07,47,35.59,"Gagal",0
"TRX00371","ST004",2026-06-04,66,41.57,"Gagal",0
"TRX00372","ST001",2026-06-28,73,55.05,"Selesai",137625
"TRX00373","ST010",2026-01-14,57,46.13,"Selesai",115325
"TRX00374","ST004",2026-01-20,17,17.48,"Gagal",0
"TRX00375","ST010",2026-01-23,62,48.5,"Gagal",0
"TRX00376","ST005",2026-05-30,33,47.97,"Selesai",119925
"TRX00377","ST003",2026-03-09,20,24.02,"Selesai",60050
"TRX00378","ST004",2026-03-18,50,37.46,"Gagal",0
"TRX00379","ST004",2026-05-13,48,26.3,"Gagal",0
"TRX00380","ST009",2026-04-10,45,17.69,"Selesai",44225
"TRX00381","ST002",2026-01-20,36,48.18,"Gagal",0
"TRX00382","ST006",2026-04-19,56,30.96,"Selesai",77400
"TRX00383","ST001",2026-06-07,50,44.38,"Selesai",110950
"TRX00384","ST001",2026-05-17,29,24.44,"Selesai",61100
"TRX00385","ST002",2026-05-17,25,22.59,"Selesai",56475
"TRX00386","ST009",2026-02-14,23,46.05,"Gagal",0
"TRX00387","ST004",2026-03-18,44,42.05,"Selesai",105125
"TRX00388","ST005",2026-04-20,54,41.26,"Gagal",0
"TRX00389","ST003",2026-04-15,62,54.26,"Selesai",135650
"TRX00390","ST004",2026-06-11,62,6.84,"Selesai",17100
"TRX00391","ST008",2026-06-08,48,37.66,"Selesai",94150
"TRX00392","ST002",2026-01-29,43,57.27,"Selesai",143175
"TRX00393","ST007",2026-01-27,53,35.43,"Selesai",88575
"TRX00394","ST003",2026-05-17,48,5.91,"Selesai",14775
"TRX00395","ST010",2026-01-28,44,48.66,"Selesai",121650
"TRX00396","ST006",2026-05-23,49,46.47,"Selesai",116175
"TRX00397","ST005",2026-03-17,38,54.08,"Selesai",135200
"TRX00398","ST008",2026-06-21,91,17.49,"Gagal",0
"TRX00399","ST002",2026-01-15,10,22.54,"Selesai",56350
"TRX00400","ST004",2026-05-24,68,52.16,"Gagal",0
"TRX00401","ST004",2026-03-28,83,53.91,"Gagal",0
"TRX00402","ST002",2026-05-20,45,40.98,"Selesai",102450
"TRX00403","ST007",2026-06-21,60,48.3,"Selesai",120750
"TRX00404","ST006",2026-02-09,39,55.44,"Selesai",138600
"TRX00405","ST008",2026-05-07,62,46,"Gagal",0
"TRX00406","ST004",2026-03-20,61,28.61,"Selesai",71525
"TRX00407","ST005",2026-04-13,29,54.33,"Selesai",135825
"TRX00408","ST003",2026-01-04,25,5.42,"Selesai",13550
"TRX00409","ST004",2026-06-30,52,32.37,"Selesai",80925
"TRX00410","ST001",2026-02-22,29,27.45,"Selesai",68625
"TRX00411","ST004",2026-02-18,66,20.3,"Selesai",50750
"TRX00412","ST002",2026-06-16,53,34.82,"Selesai",87050
"TRX00413","ST003",2026-06-14,54,38.67,"Selesai",96675
"TRX00414","ST010",2026-03-18,50,53.86,"Selesai",134650
"TRX00415","ST003",2026-02-13,51,30.48,"Selesai",76200
"TRX00416","ST003",2026-05-07,64,11.64,"Selesai",29100
"TRX00417","ST003",2026-03-19,47,44.61,"Gagal",0
"TRX00418","ST009",2026-04-05,52,26.72,"Selesai",66800
"TRX00419","ST006",2026-03-28,47,44.43,"Gagal",0
"TRX00420","ST004",2026-03-11,60,22.86,"Gagal",0
"TRX00421","ST004",2026-06-11,37,5.83,"Selesai",14575
"TRX00422","ST006",2026-04-04,23,56.36,"Selesai",140900
"TRX00423","ST005",2026-05-15,41,12.53,"Selesai",31325
"TRX00424","ST009",2026-05-22,16,7.88,"Selesai",19700
"TRX00425","ST002",2026-03-01,29,34.11,"Selesai",85275
"TRX00426","ST004",2026-02-27,45,52.04,"Selesai",130100
"TRX00427","ST006",2026-06-14,29,5.25,"Selesai",13125
"TRX00428","ST001",2026-05-16,57,53.2,"Selesai",133000
"TRX00429","ST007",2026-06-08,44,27.18,"Gagal",0
"TRX00430","ST002",2026-04-28,30,30,"Selesai",75000
"TRX00431","ST002",2026-03-05,58,8.36,"Selesai",20900
"TRX00432","ST002",2026-04-24,39,49.21,"Selesai",123025
"TRX00433","ST006",2026-05-11,54,44.44,"Selesai",111100
"TRX00434","ST004",2026-01-25,47,43.25,"Gagal",0
"TRX00435","ST005",2026-06-09,43,43.78,"Selesai",109450
"TRX00436","ST004",2026-05-20,30,18.06,"Selesai",45150
"TRX00437","ST006",2026-01-19,10,6.66,"Selesai",16650
"TRX00438","ST003",2026-01-13,15,18.39,"Selesai",45975
"TRX00439","ST004",2026-05-24,22,39.35,"Selesai",98375
"TRX00440","ST006",2026-01-05,34,6.19,"Selesai",15475
"TRX00441","ST007",2026-04-11,62,20.01,"Gagal",0
"TRX00442","ST008",2026-06-28,36,56.87,"Selesai",142175
"TRX00443","ST001",2026-01-08,17,59.94,"Selesai",149850
"TRX00444","ST008",2026-01-12,31,54.65,"Selesai",136625
"TRX00445","ST001",2026-03-07,50,13.22,"Selesai",33050
"TRX00446","ST006",2026-04-07,49,54.39,"Selesai",135975
"TRX00447","ST003",2026-03-24,31,33.04,"Selesai",82600
"TRX00448","ST009",2026-05-23,37,32.15,"Selesai",80375
"TRX00449","ST007",2026-01-23,47,39.13,"Selesai",97825
"TRX00450","ST004",2026-03-04,36,20.42,"Selesai",51050
"TRX00451","ST006",2026-03-06,46,10.46,"Selesai",26150
"TRX00452","ST006",2026-03-18,58,7.7,"Gagal",0
"TRX00453","ST010",2026-04-04,50,38.63,"Selesai",96575
"TRX00454","ST007",2026-03-02,52,20.56,"Selesai",51400
"TRX00455","ST006",2026-01-02,56,6.38,"Selesai",15950
"TRX00456","ST001",2026-06-12,30,15.01,"Gagal",0
"TRX00457","ST003",2026-03-06,38,40.39,"Gagal",0
"TRX00458","ST007",2026-05-08,50,9.73,"Selesai",24325
"TRX00459","ST008",2026-04-15,19,57.42,"Selesai",143550
"TRX00460","ST009",2026-03-04,29,39.16,"Gagal",0
"TRX00461","ST006",2026-04-25,43,49.77,"Selesai",124425
"TRX00462","ST004",2026-05-11,30,22.5,"Gagal",0
"TRX00463","ST009",2026-02-02,64,49.04,"Gagal",0
"TRX00464","ST004",2026-06-14,66,41.98,"Gagal",0
"TRX00465","ST004",2026-05-20,37,11.85,"Selesai",29625
"TRX00466","ST007",2026-01-06,51,17.05,"Selesai",42625
"TRX00467","ST001",2026-04-26,31,38.56,"Selesai",96400
"TRX00468","ST003",2026-04-19,38,58.92,"Selesai",147300
"TRX00469","ST006",2026-02-24,39,5.22,"Selesai",13050
"TRX00470","ST008",2026-01-26,57,59.73,"Selesai",149325
"TRX00471","ST001",2026-02-03,46,32.45,"Gagal",0
"TRX00472","ST004",2026-02-18,48,56.32,"Selesai",140800
"TRX00473","ST008",2026-04-21,32,23.7,"Selesai",59250
"TRX00474","ST005",2026-03-03,47,30.31,"Gagal",0
"TRX00475","ST006",2026-06-12,49,32.35,"Selesai",80875
"TRX00476","ST006",2026-01-17,58,45.77,"Selesai",114425
"TRX00477","ST002",2026-06-13,37,22.19,"Selesai",55475
"TRX00478","ST008",2026-03-06,47,9.4,"Selesai",23500
"TRX00479","ST003",2026-05-26,50,8.83,"Selesai",22075
"TRX00480","ST009",2026-04-27,29,10.01,"Selesai",25025
"TRX00481","ST003",2026-04-18,25,35,"Selesai",87500
"TRX00482","ST002",2026-03-12,56,23.01,"Selesai",57525
"TRX00483","ST009",2026-02-26,58,33.06,"Selesai",82650
"TRX00484","ST004",2026-02-04,50,57.5,"Selesai",143750
"TRX00485","ST008",2026-03-16,59,32.18,"Selesai",80450
"TRX00486","ST006",2026-05-17,59,27.64,"Selesai",69100
"TRX00487","ST008",2026-05-03,63,30.32,"Selesai",75800
"TRX00488","ST003",2026-01-03,46,50.22,"Selesai",125550
"TRX00489","ST004",2026-03-28,57,36.34,"Selesai",90850
"TRX00490","ST004",2026-04-29,33,31.41,"Gagal",0
"TRX00491","ST005",2026-02-01,33,12.6,"Selesai",31500
"TRX00492","ST006",2026-02-03,72,25.04,"Selesai",62600
"TRX00493","ST009",2026-02-27,46,8.82,"Gagal",0
"TRX00494","ST006",2026-03-15,28,36.84,"Selesai",92100
"TRX00495","ST006",2026-05-06,43,21.13,"Selesai",52825
"TRX00496","ST003",2026-06-21,37,29.6,"Gagal",0
"TRX00497","ST010",2026-06-21,17,29.45,"Gagal",0
"TRX00498","ST001",2026-02-11,44,55.99,"Selesai",139975
"TRX00499","ST003",2026-04-26,55,49.99,"Selesai",124975
"TRX00500","ST004",2026-04-21,59,10.13,"Gagal",0
"TRX00501","ST004",2026-03-17,46,37.58,"Gagal",0
"TRX00502","ST003",2026-05-01,73,34.89,"Selesai",87225
"TRX00503","ST002",2026-01-23,50,7.28,"Gagal",0
"TRX00504","ST009",2026-04-18,10,31.94,"Selesai",79850
"TRX00505","ST004",2026-06-04,68,24.12,"Selesai",60300
"TRX00506","ST008",2026-01-21,33,29.54,"Selesai",73850
"TRX00507","ST002",2026-01-26,39,20.73,"Selesai",51825
"TRX00508","ST003",2026-01-12,46,19.35,"Selesai",48375
"TRX00509","ST008",2026-05-27,34,49.96,"Selesai",124900
"TRX00510","ST003",2026-02-18,35,46.99,"Selesai",117475
"TRX00511","ST003",2026-06-23,51,30.34,"Gagal",0
"TRX00512","ST010",2026-04-01,10,8.84,"Selesai",22100
"TRX00513","ST003",2026-02-09,47,50.51,"Selesai",126275
"TRX00514","ST001",2026-01-06,52,47.6,"Selesai",119000
"TRX00515","ST002",2026-04-21,47,45.42,"Selesai",113550
"TRX00516","ST001",2026-02-02,57,5.78,"Selesai",14450
"TRX00517","ST003",2026-06-16,57,8.67,"Gagal",0
"TRX00518","ST003",2026-04-19,56,56.69,"Selesai",141725
"TRX00519","ST001",2026-06-07,69,55.88,"Selesai",139700
"TRX00520","ST002",2026-01-05,37,46.73,"Selesai",116825
"TRX00521","ST009",2026-02-18,49,24.01,"Selesai",60025
"TRX00522","ST005",2026-06-06,42,33.63,"Selesai",84075
"TRX00523","ST009",2026-02-20,55,53.98,"Gagal",0
"TRX00524","ST004",2026-01-06,38,5.42,"Selesai",13550
"TRX00525","ST007",2026-05-27,35,41.79,"Gagal",0
"TRX00526","ST010",2026-02-26,51,30.61,"Gagal",0
"TRX00527","ST004",2026-06-19,42,45.01,"Gagal",0
"TRX00528","ST008",2026-02-16,34,17.66,"Selesai",44150
"TRX00529","ST006",2026-03-31,45,41.35,"Selesai",103375
"TRX00530","ST003",2026-03-17,53,53.32,"Selesai",133300
"TRX00531","ST008",2026-05-10,42,11.91,"Gagal",0
"TRX00532","ST003",2026-03-27,34,7.82,"Selesai",19550
"TRX00533","ST009",2026-04-08,52,46.66,"Selesai",116650
"TRX00534","ST007",2026-06-04,28,7.93,"Selesai",19825
"TRX00535","ST006",2026-04-08,43,47.96,"Selesai",119900
"TRX00536","ST004",2026-03-09,42,27.61,"Selesai",69025
"TRX00537","ST004",2026-06-17,73,13.43,"Selesai",33575
"TRX00538","ST002",2026-02-27,12,31.29,"Selesai",78225
"TRX00539","ST002",2026-06-14,49,13.23,"Selesai",33075
"TRX00540","ST003",2026-05-24,49,19.59,"Selesai",48975
"TRX00541","ST010",2026-01-02,46,53.27,"Selesai",133175
"TRX00542","ST005",2026-02-06,66,28.48,"Gagal",0
"TRX00543","ST002",2026-05-27,38,48.5,"Selesai",121250
"TRX00544","ST003",2026-02-11,45,26.79,"Selesai",66975
"TRX00545","ST002",2026-06-05,58,57.62,"Selesai",144050
"TRX00546","ST010",2026-05-13,40,21.48,"Selesai",53700
"TRX00547","ST007",2026-01-13,45,37.57,"Gagal",0
"TRX00548","ST003",2026-05-24,43,18.74,"Selesai",46850
"TRX00549","ST001",2026-05-08,54,58.67,"Selesai",146675
"TRX00550","ST001",2026-06-13,47,29.07,"Selesai",72675
"TRX00551","ST008",2026-06-13,34,16.34,"Selesai",40850
"TRX00552","ST003",2026-02-18,32,50.86,"Selesai",127150
"TRX00553","ST007",2026-05-09,44,56.81,"Gagal",0
"TRX00554","ST004",2026-04-02,18,58.28,"Gagal",0
"TRX00555","ST004",2026-03-23,49,26.56,"Selesai",66400
"TRX00556","ST004",2026-03-09,27,51.52,"Selesai",128800
"TRX00557","ST008",2026-06-19,50,23.23,"Selesai",58075
"TRX00558","ST001",2026-04-06,78,33.5,"Selesai",83750
"TRX00559","ST008",2026-03-15,80,23.24,"Gagal",0
"TRX00560","ST009",2026-02-03,48,11.31,"Selesai",28275
"TRX00561","ST009",2026-03-26,27,13.19,"Selesai",32975
"TRX00562","ST003",2026-01-20,61,50.01,"Gagal",0
"TRX00563","ST004",2026-01-20,82,23.26,"Selesai",58150
"TRX00564","ST004",2026-02-17,42,56.05,"Gagal",0
"TRX00565","ST001",2026-04-19,77,24.27,"Selesai",60675
"TRX00566","ST001",2026-03-19,54,28.47,"Selesai",71175
"TRX00567","ST010",2026-03-20,29,27.08,"Gagal",0
"TRX00568","ST003",2026-05-13,33,28.35,"Selesai",70875
"TRX00569","ST002",2026-03-07,62,21.23,"Selesai",53075
"TRX00570","ST010",2026-04-20,58,54.12,"Gagal",0
"TRX00571","ST007",2026-05-15,46,41.39,"Gagal",0
"TRX00572","ST003",2026-03-21,15,36.55,"Selesai",91375
"TRX00573","ST005",2026-04-10,43,56.35,"Selesai",140875
"TRX00574","ST004",2026-05-03,44,59.36,"Selesai",148400
"TRX00575","ST003",2026-01-23,30,11.2,"Gagal",0
"TRX00576","ST007",2026-04-24,51,31.37,"Selesai",78425
"TRX00577","ST004",2026-04-15,53,42.02,"Selesai",105050
"TRX00578","ST004",2026-01-13,38,7.92,"Selesai",19800
"TRX00579","ST007",2026-04-07,45,29.22,"Selesai",73050
"TRX00580","ST002",2026-01-18,53,52.02,"Selesai",130050
"TRX00581","ST003",2026-03-30,54,40.56,"Selesai",101400
"TRX00582","ST008",2026-05-20,29,40.27,"Selesai",100675
"TRX00583","ST007",2026-01-17,52,13.47,"Selesai",33675
"TRX00584","ST007",2026-01-12,44,26.73,"Selesai",66825
"TRX00585","ST003",2026-02-08,34,7.25,"Gagal",0
"TRX00586","ST006",2026-04-18,74,10.75,"Selesai",26875
"TRX00587","ST005",2026-06-16,54,41.88,"Selesai",104700
"TRX00588","ST005",2026-05-22,63,49.53,"Selesai",123825
"TRX00589","ST006",2026-01-17,38,18.11,"Selesai",45275
"TRX00590","ST010",2026-02-14,21,44.78,"Gagal",0
"TRX00591","ST001",2026-04-03,37,46.03,"Selesai",115075
"TRX00592","ST009",2026-04-23,60,38.39,"Selesai",95975
"TRX00593","ST006",2026-03-05,55,6.74,"Selesai",16850
"TRX00594","ST005",2026-05-13,75,56.69,"Gagal",0
"TRX00595","ST009",2026-03-09,28,45.87,"Selesai",114675
"TRX00596","ST006",2026-05-15,40,12.9,"Selesai",32250
"TRX00597","ST002",2026-06-08,48,26.12,"Gagal",0
"TRX00598","ST001",2026-01-08,52,37.01,"Selesai",92525
"TRX00599","ST004",2026-05-23,42,59.54,"Selesai",148850
"TRX00600","ST006",2026-06-20,66,27.09,"Selesai",67725
"TRX00601","ST006",2026-01-22,57,15.73,"Selesai",39325
"TRX00602","ST001",2026-06-29,55,43.33,"Selesai",108325
"TRX00603","ST009",2026-03-16,41,56.31,"Selesai",140775
"TRX00604","ST001",2026-05-26,63,41.91,"Selesai",104775
"TRX00605","ST002",2026-06-21,51,51.9,"Selesai",129750
"TRX00606","ST006",2026-03-29,36,29.94,"Selesai",74850
"TRX00607","ST010",2026-02-24,45,20.02,"Selesai",50050
"TRX00608","ST003",2026-01-03,45,8.69,"Selesai",21725
"TRX00609","ST006",2026-04-18,19,28.81,"Selesai",72025
"TRX00610","ST002",2026-02-10,44,33.54,"Selesai",83850
"TRX00611","ST006",2026-04-13,44,20.37,"Selesai",50925
"TRX00612","ST002",2026-06-04,54,56.18,"Selesai",140450
"TRX00613","ST007",2026-03-15,41,34.97,"Selesai",87425
"TRX00614","ST001",2026-01-27,29,6.36,"Selesai",15900
"TRX00615","ST009",2026-04-26,44,35.96,"Selesai",89900
"TRX00616","ST008",2026-03-10,32,21.23,"Selesai",53075
"TRX00617","ST004",2026-05-05,30,13.88,"Gagal",0
"TRX00618","ST003",2026-01-31,48,43.08,"Selesai",107700
"TRX00619","ST006",2026-05-28,29,43.48,"Selesai",108700
"TRX00620","ST001",2026-01-20,47,12.54,"Selesai",31350
"TRX00621","ST006",2026-03-05,49,54.05,"Selesai",135125
"TRX00622","ST002",2026-01-02,71,13.38,"Gagal",0
"TRX00623","ST003",2026-01-26,46,55.67,"Selesai",139175
"TRX00624","ST010",2026-05-08,59,13.57,"Selesai",33925
"TRX00625","ST003",2026-05-24,62,12.45,"Selesai",31125
"TRX00626","ST010",2026-02-27,54,16.93,"Selesai",42325
"TRX00627","ST003",2026-03-25,42,31.02,"Selesai",77550
"TRX00628","ST006",2026-01-09,41,40.22,"Selesai",100550
"TRX00629","ST010",2026-04-30,50,20.68,"Selesai",51700
"TRX00630","ST006",2026-06-27,52,58.74,"Selesai",146850
"TRX00631","ST001",2026-04-06,48,34,"Selesai",85000
"TRX00632","ST003",2026-03-12,22,44.06,"Selesai",110150
"TRX00633","ST003",2026-03-30,58,35.18,"Gagal",0
"TRX00634","ST003",2026-02-11,37,16.52,"Selesai",41300
"TRX00635","ST002",2026-05-20,45,16.13,"Selesai",40325
"TRX00636","ST010",2026-04-01,27,20.88,"Selesai",52200
"TRX00637","ST004",2026-04-15,69,31.24,"Gagal",0
"TRX00638","ST002",2026-06-01,64,12.64,"Gagal",0
"TRX00639","ST008",2026-02-15,50,51.9,"Selesai",129750
"TRX00640","ST010",2026-01-02,39,17.97,"Selesai",44925
"TRX00641","ST001",2026-02-02,28,28.92,"Selesai",72300
"TRX00642","ST004",2026-01-14,46,18.44,"Gagal",0
"TRX00643","ST002",2026-06-22,59,24.15,"Gagal",0
"TRX00644","ST009",2026-05-25,43,55.67,"Selesai",139175
"TRX00645","ST002",2026-06-02,57,44.5,"Selesai",111250
"TRX00646","ST010",2026-04-12,76,45.66,"Gagal",0
"TRX00647","ST006",2026-02-09,28,36.75,"Gagal",0
"TRX00648","ST001",2026-01-28,55,7.36,"Gagal",0
"TRX00649","ST005",2026-05-20,70,41.89,"Selesai",104725
"TRX00650","ST008",2026-04-29,27,48.76,"Gagal",0
"TRX00651","ST003",2026-02-15,62,46.77,"Selesai",116925
"TRX00652","ST005",2026-05-03,10,54.49,"Selesai",136225
"TRX00653","ST008",2026-04-01,53,25.8,"Selesai",64500
"TRX00654","ST010",2026-03-11,51,27.47,"Selesai",68675
"TRX00655","ST002",2026-04-20,33,24.99,"Selesai",62475
"TRX00656","ST006",2026-05-10,24,55.21,"Selesai",138025
"TRX00657","ST003",2026-01-23,82,12.68,"Gagal",0
"TRX00658","ST004",2026-06-09,47,39.84,"Selesai",99600
"TRX00659","ST006",2026-02-10,32,13.71,"Selesai",34275
"TRX00660","ST001",2026-05-21,77,45.68,"Gagal",0
"TRX00661","ST009",2026-03-16,62,48.91,"Selesai",122275
"TRX00662","ST008",2026-03-06,45,25.57,"Selesai",63925
"TRX00663","ST001",2026-03-24,57,26.74,"Selesai",66850
"TRX00664","ST009",2026-03-03,47,55.88,"Selesai",139700
"TRX00665","ST003",2026-05-16,39,31.73,"Selesai",79325
"TRX00666","ST010",2026-04-19,39,33.68,"Selesai",84200
"TRX00667","ST002",2026-06-20,43,23.26,"Selesai",58150
"TRX00668","ST006",2026-04-05,31,26.65,"Selesai",66625
"TRX00669","ST009",2026-03-12,45,21.47,"Selesai",53675
"TRX00670","ST001",2026-01-15,80,42.38,"Selesai",105950
"TRX00671","ST006",2026-03-05,21,46.7,"Selesai",116750
"TRX00672","ST009",2026-05-17,47,30.08,"Selesai",75200
"TRX00673","ST004",2026-02-22,60,25.86,"Selesai",64650
"TRX00674","ST006",2026-01-31,32,26.94,"Gagal",0
"TRX00675","ST004",2026-04-05,79,15.23,"Selesai",38075
"TRX00676","ST004",2026-03-20,15,47.14,"Selesai",117850
"TRX00677","ST003",2026-04-28,30,15.76,"Selesai",39400
"TRX00678","ST001",2026-03-26,16,28.12,"Gagal",0
"TRX00679","ST001",2026-04-18,15,40.39,"Selesai",100975
"TRX00680","ST001",2026-01-14,33,23.49,"Selesai",58725
"TRX00681","ST006",2026-06-18,22,7.49,"Selesai",18725
"TRX00682","ST008",2026-05-02,30,21.16,"Gagal",0
"TRX00683","ST010",2026-02-12,79,38.85,"Selesai",97125
"TRX00684","ST005",2026-03-13,41,9.52,"Selesai",23800
"TRX00685","ST001",2026-02-27,66,9.24,"Selesai",23100
"TRX00686","ST009",2026-02-13,18,57.03,"Gagal",0
"TRX00687","ST004",2026-06-20,39,22.51,"Selesai",56275
"TRX00688","ST004",2026-05-10,36,19.13,"Selesai",47825
"TRX00689","ST010",2026-04-01,80,10.37,"Selesai",25925
"TRX00690","ST002",2026-03-08,38,24.35,"Gagal",0
"TRX00691","ST007",2026-01-24,54,58.1,"Gagal",0
"TRX00692","ST004",2026-01-15,57,34.4,"Selesai",86000
"TRX00693","ST008",2026-04-15,49,45.96,"Selesai",114900
"TRX00694","ST009",2026-05-17,36,19.2,"Selesai",48000
"TRX00695","ST004",2026-02-21,56,38.47,"Selesai",96175
"TRX00696","ST010",2026-02-03,58,6.2,"Gagal",0
"TRX00697","ST002",2026-03-11,33,49.78,"Selesai",124450
"TRX00698","ST005",2026-01-25,48,42.02,"Gagal",0
"TRX00699","ST008",2026-06-04,32,54.72,"Selesai",136800
"TRX00700","ST006",2026-05-31,53,43.48,"Selesai",108700
"TRX00701","ST010",2026-05-28,39,8.16,"Selesai",20400
"TRX00702","ST002",2026-05-17,27,27.15,"Selesai",67875
"TRX00703","ST003",2026-01-11,54,16.43,"Selesai",41075
"TRX00704","ST010",2026-03-04,39,21.12,"Selesai",52800
"TRX00705","ST010",2026-04-03,59,47.77,"Gagal",0
"TRX00706","ST010",2026-02-24,24,16.59,"Selesai",41475
"TRX00707","ST003",2026-03-08,28,22.34,"Gagal",0
"TRX00708","ST001",2026-02-01,37,58.61,"Selesai",146525
"TRX00709","ST001",2026-01-09,56,41.42,"Gagal",0
"TRX00710","ST002",2026-04-15,43,26.08,"Selesai",65200
"TRX00711","ST008",2026-05-19,51,41.67,"Gagal",0
"TRX00712","ST008",2026-06-11,33,31.72,"Gagal",0
"TRX00713","ST001",2026-06-05,17,33.7,"Gagal",0
"TRX00714","ST010",2026-05-31,50,34.85,"Selesai",87125
"TRX00715","ST009",2026-03-13,41,58.16,"Selesai",145400
"TRX00716","ST010",2026-05-11,73,27.48,"Selesai",68700
"TRX00717","ST001",2026-03-22,42,32.66,"Selesai",81650
"TRX00718","ST001",2026-05-23,60,59.54,"Selesai",148850
"TRX00719","ST004",2026-02-17,35,29.76,"Gagal",0
"TRX00720","ST007",2026-02-28,41,32.24,"Selesai",80600
"TRX00721","ST003",2026-02-14,65,45.14,"Gagal",0
"TRX00722","ST007",2026-01-12,36,12.59,"Selesai",31475
"TRX00723","ST004",2026-06-24,49,35.06,"Selesai",87650
"TRX00724","ST001",2026-02-07,54,39.27,"Selesai",98175
"TRX00725","ST001",2026-01-17,56,7.81,"Selesai",19525
"TRX00726","ST009",2026-04-01,24,52.49,"Selesai",131225
"TRX00727","ST001",2026-02-17,36,32.29,"Selesai",80725
"TRX00728","ST006",2026-05-11,40,13.48,"Selesai",33700
"TRX00729","ST006",2026-02-01,68,11.23,"Selesai",28075
"TRX00730","ST007",2026-06-16,54,57.39,"Selesai",143475
"TRX00731","ST006",2026-03-04,36,36.84,"Selesai",92100
"TRX00732","ST005",2026-01-02,47,38.46,"Selesai",96150
"TRX00733","ST005",2026-01-07,49,20.7,"Selesai",51750
"TRX00734","ST008",2026-03-19,36,28.53,"Selesai",71325
"TRX00735","ST004",2026-05-07,49,6.06,"Selesai",15150
"TRX00736","ST006",2026-01-25,61,49.39,"Gagal",0
"TRX00737","ST001",2026-04-19,65,21.89,"Selesai",54725
"TRX00738","ST007",2026-03-04,54,9.42,"Gagal",0
"TRX00739","ST007",2026-02-28,37,29.44,"Selesai",73600
"TRX00740","ST008",2026-03-13,53,56.2,"Gagal",0
"TRX00741","ST005",2026-05-26,61,54.53,"Selesai",136325
"TRX00742","ST002",2026-05-15,55,20.23,"Selesai",50575
"TRX00743","ST002",2026-01-20,42,44.33,"Selesai",110825
"TRX00744","ST005",2026-01-10,64,15.34,"Selesai",38350
"TRX00745","ST008",2026-03-24,42,46.27,"Gagal",0
"TRX00746","ST006",2026-06-09,56,21.44,"Gagal",0
"TRX00747","ST004",2026-04-26,38,41.66,"Selesai",104150
"TRX00748","ST009",2026-02-16,41,33.18,"Selesai",82950
"TRX00749","ST008",2026-01-31,41,5.32,"Selesai",13300
"TRX00750","ST001",2026-03-23,77,14.46,"Selesai",36150
"TRX00751","ST003",2026-01-28,73,38.31,"Selesai",95775
"TRX00752","ST004",2026-06-24,41,5.34,"Selesai",13350
"TRX00753","ST006",2026-03-02,42,48.14,"Selesai",120350
"TRX00754","ST003",2026-06-24,63,35.69,"Selesai",89225
"TRX00755","ST004",2026-02-11,47,9.25,"Selesai",23125
"TRX00756","ST003",2026-04-03,30,49.26,"Selesai",123150
"TRX00757","ST002",2026-03-26,65,18.22,"Selesai",45550
"TRX00758","ST003",2026-04-12,45,27.93,"Selesai",69825
"TRX00759","ST005",2026-06-15,38,10.1,"Gagal",0
"TRX00760","ST005",2026-05-15,41,41.02,"Selesai",102550
"TRX00761","ST005",2026-03-09,51,40.12,"Selesai",100300
"TRX00762","ST010",2026-02-22,41,47.72,"Selesai",119300
"TRX00763","ST003",2026-02-02,64,31.5,"Selesai",78750
"TRX00764","ST004",2026-01-26,56,14.19,"Gagal",0
"TRX00765","ST007",2026-03-08,56,51.78,"Selesai",129450
"TRX00766","ST007",2026-01-29,11,57.57,"Selesai",143925
"TRX00767","ST008",2026-04-06,59,28.63,"Selesai",71575
"TRX00768","ST006",2026-06-11,34,16.4,"Selesai",41000
"TRX00769","ST006",2026-06-02,43,45.85,"Selesai",114625
"TRX00770","ST002",2026-05-12,35,33.61,"Selesai",84025
"TRX00771","ST006",2026-02-28,43,22.11,"Selesai",55275
"TRX00772","ST004",2026-05-05,10,58.1,"Gagal",0
"TRX00773","ST001",2026-02-22,27,38.44,"Selesai",96100
"TRX00774","ST003",2026-03-07,66,37.58,"Selesai",93950
"TRX00775","ST010",2026-02-13,31,10.28,"Selesai",25700
"TRX00776","ST004",2026-04-28,25,31.87,"Gagal",0
"TRX00777","ST008",2026-04-22,58,10.2,"Gagal",0
"TRX00778","ST008",2026-06-21,43,12.05,"Selesai",30125
"TRX00779","ST010",2026-05-18,44,21.92,"Selesai",54800
"TRX00780","ST005",2026-06-05,38,11.8,"Selesai",29500
"TRX00781","ST007",2026-04-25,35,40.19,"Selesai",100475
"TRX00782","ST007",2026-01-24,65,21.06,"Selesai",52650
"TRX00783","ST001",2026-03-05,35,52.54,"Selesai",131350
"TRX00784","ST004",2026-05-19,26,23.28,"Selesai",58200
"TRX00785","ST010",2026-03-12,33,16.65,"Selesai",41625
"TRX00786","ST004",2026-02-04,61,57.35,"Selesai",143375
"TRX00787","ST001",2026-01-22,15,20.56,"Gagal",0
"TRX00788","ST007",2026-03-02,46,20.77,"Selesai",51925
"TRX00789","ST006",2026-06-02,42,21.26,"Selesai",53150
"TRX00790","ST004",2026-01-07,18,11.93,"Gagal",0
"TRX00791","ST008",2026-05-27,53,51.61,"Selesai",129025
"TRX00792","ST001",2026-02-20,43,46.85,"Selesai",117125
"TRX00793","ST007",2026-01-23,39,45.91,"Gagal",0
"TRX00794","ST004",2026-03-06,69,36,"Selesai",90000
"TRX00795","ST002",2026-02-21,30,21.56,"Gagal",0
"TRX00796","ST001",2026-01-18,41,34.98,"Selesai",87450
"TRX00797","ST006",2026-04-08,57,26.29,"Selesai",65725
"TRX00798","ST003",2026-06-09,22,56.29,"Selesai",140725
"TRX00799","ST009",2026-05-09,33,51.38,"Selesai",128450
"TRX00800","ST003",2026-06-12,46,51.58,"Selesai",128950
"TRX00801","ST008",2026-04-01,49,40.85,"Selesai",102125
"TRX00802","ST008",2026-01-04,24,53.39,"Selesai",133475
"TRX00803","ST003",2026-06-06,68,58.32,"Selesai",145800
"TRX00804","ST002",2026-01-29,43,27.19,"Gagal",0
"TRX00805","ST002",2026-01-04,24,22.19,"Selesai",55475
"TRX00806","ST003",2026-01-06,25,28.85,"Gagal",0
"TRX00807","ST002",2026-02-03,59,27.1,"Selesai",67750
"TRX00808","ST003",2026-01-24,70,30.66,"Selesai",76650
"TRX00809","ST001",2026-06-07,33,22.1,"Gagal",0
"TRX00810","ST002",2026-04-22,47,16.23,"Selesai",40575
"TRX00811","ST003",2026-02-05,62,27.14,"Gagal",0
"TRX00812","ST008",2026-04-23,40,11.44,"Selesai",28600
"TRX00813","ST006",2026-05-22,41,57.58,"Selesai",143950
"TRX00814","ST007",2026-01-13,28,40.91,"Selesai",102275
"TRX00815","ST010",2026-03-10,45,27.12,"Gagal",0
"TRX00816","ST007",2026-02-12,71,28.55,"Selesai",71375
"TRX00817","ST005",2026-02-10,73,7.78,"Selesai",19450
"TRX00818","ST004",2026-06-04,30,32.55,"Selesai",81375
"TRX00819","ST004",2026-05-29,54,12.18,"Selesai",30450
"TRX00820","ST002",2026-06-21,68,53.49,"Selesai",133725
"TRX00821","ST003",2026-05-12,53,56.92,"Selesai",142300
"TRX00822","ST007",2026-05-04,31,18.5,"Gagal",0
"TRX00823","ST001",2026-01-02,57,16.99,"Selesai",42475
"TRX00824","ST004",2026-04-28,26,58.64,"Gagal",0
"TRX00825","ST004",2026-05-28,50,14.04,"Selesai",35100
"TRX00826","ST005",2026-06-25,61,23.11,"Selesai",57775
"TRX00827","ST003",2026-02-18,40,43.52,"Selesai",108800
"TRX00828","ST004",2026-05-26,36,48.04,"Selesai",120100
"TRX00829","ST003",2026-01-24,28,21.77,"Selesai",54425
"TRX00830","ST004",2026-04-08,49,12.06,"Selesai",30150
"TRX00831","ST003",2026-04-09,65,56.61,"Selesai",141525
"TRX00832","ST006",2026-06-04,41,38.42,"Selesai",96050
"TRX00833","ST004",2026-02-10,68,28.23,"Selesai",70575
"TRX00834","ST001",2026-04-20,40,17.24,"Gagal",0
"TRX00835","ST002",2026-02-15,48,53.55,"Selesai",133875
"TRX00836","ST007",2026-01-02,41,17.67,"Selesai",44175
"TRX00837","ST003",2026-01-29,54,29.1,"Gagal",0
"TRX00838","ST007",2026-04-26,55,10.74,"Selesai",26850
"TRX00839","ST005",2026-04-07,46,10.82,"Selesai",27050
"TRX00840","ST004",2026-01-23,33,32.13,"Gagal",0
"TRX00841","ST009",2026-05-20,64,41.67,"Selesai",104175
"TRX00842","ST009",2026-06-22,30,47.71,"Selesai",119275
"TRX00843","ST004",2026-01-26,48,6.31,"Selesai",15775
"TRX00844","ST002",2026-06-05,19,28.75,"Gagal",0
"TRX00845","ST002",2026-05-03,57,25.16,"Selesai",62900
"TRX00846","ST004",2026-02-02,35,26.75,"Selesai",66875
"TRX00847","ST001",2026-02-01,47,5.4,"Selesai",13500
"TRX00848","ST001",2026-05-31,62,23.47,"Selesai",58675
"TRX00849","ST009",2026-06-20,73,46.38,"Selesai",115950
"TRX00850","ST003",2026-01-03,40,46.51,"Gagal",0
"TRX00851","ST002",2026-05-22,55,57.28,"Selesai",143200
"TRX00852","ST010",2026-06-06,63,51.93,"Gagal",0
"TRX00853","ST001",2026-01-23,26,31.69,"Selesai",79225
"TRX00854","ST006",2026-06-18,58,5.78,"Selesai",14450
"TRX00855","ST007",2026-06-16,19,41.7,"Selesai",104250
"TRX00856","ST004",2026-02-02,45,21.91,"Selesai",54775
"TRX00857","ST002",2026-04-04,36,33.84,"Selesai",84600
"TRX00858","ST005",2026-05-31,53,49.59,"Gagal",0
"TRX00859","ST006",2026-03-06,27,56.06,"Selesai",140150
"TRX00860","ST005",2026-05-22,61,56.66,"Selesai",141650
"TRX00861","ST005",2026-03-11,87,8.48,"Selesai",21200
"TRX00862","ST007",2026-05-20,40,44.51,"Gagal",0
"TRX00863","ST001",2026-02-14,64,5.39,"Selesai",13475
"TRX00864","ST003",2026-06-06,10,29.64,"Selesai",74100
"TRX00865","ST001",2026-04-11,55,41.8,"Selesai",104500
"TRX00866","ST008",2026-01-12,35,45.06,"Selesai",112650
"TRX00867","ST004",2026-01-23,57,49.72,"Gagal",0
"TRX00868","ST003",2026-02-14,65,37.24,"Selesai",93100
"TRX00869","ST006",2026-05-07,25,10.54,"Selesai",26350
"TRX00870","ST001",2026-06-23,40,43.53,"Selesai",108825
"TRX00871","ST009",2026-02-01,60,34.9,"Gagal",0
"TRX00872","ST008",2026-05-30,59,42.29,"Gagal",0
"TRX00873","ST004",2026-02-19,33,33.56,"Selesai",83900
"TRX00874","ST009",2026-02-26,46,56.35,"Selesai",140875
"TRX00875","ST006",2026-03-01,11,12.87,"Selesai",32175
"TRX00876","ST007",2026-03-15,41,40.09,"Selesai",100225
"TRX00877","ST004",2026-04-06,45,28.79,"Selesai",71975
"TRX00878","ST006",2026-04-08,72,23.97,"Selesai",59925
"TRX00879","ST008",2026-06-16,54,16.94,"Selesai",42350
"TRX00880","ST002",2026-04-23,44,51.58,"Selesai",128950
"TRX00881","ST008",2026-03-29,60,27.16,"Gagal",0
"TRX00882","ST010",2026-02-04,49,16.64,"Selesai",41600
"TRX00883","ST007",2026-03-01,57,34.7,"Selesai",86750
"TRX00884","ST009",2026-02-03,37,26.06,"Gagal",0
"TRX00885","ST008",2026-02-23,58,20.16,"Selesai",50400
"TRX00886","ST003",2026-06-12,55,5.45,"Selesai",13625
"TRX00887","ST003",2026-06-08,59,39.76,"Gagal",0
"TRX00888","ST004",2026-04-09,43,36.73,"Selesai",91825
"TRX00889","ST009",2026-03-23,61,46.55,"Selesai",116375
"TRX00890","ST009",2026-03-10,28,45.47,"Selesai",113675
"TRX00891","ST001",2026-03-27,29,43.42,"Gagal",0
"TRX00892","ST006",2026-06-28,38,7.34,"Selesai",18350
"TRX00893","ST007",2026-05-26,63,38.19,"Gagal",0
"TRX00894","ST001",2026-01-16,59,59.69,"Selesai",149225
"TRX00895","ST001",2026-04-23,60,55.05,"Selesai",137625
"TRX00896","ST008",2026-02-22,38,14.66,"Selesai",36650
"TRX00897","ST006",2026-02-21,62,8.92,"Gagal",0
"TRX00898","ST004",2026-06-12,45,10.4,"Selesai",26000
"TRX00899","ST010",2026-01-28,33,40.79,"Selesai",101975
"TRX00900","ST010",2026-01-14,33,25.41,"Selesai",63525
"TRX00901","ST004",2026-03-15,47,56.38,"Gagal",0
"TRX00902","ST004",2026-03-31,74,38.97,"Gagal",0
"TRX00903","ST006",2026-01-03,55,31.25,"Gagal",0
"TRX00904","ST004",2026-03-24,42,23.14,"Selesai",57850
"TRX00905","ST002",2026-02-07,39,22.48,"Selesai",56200
"TRX00906","ST005",2026-04-07,31,42.97,"Selesai",107425
"TRX00907","ST001",2026-04-05,14,27.48,"Selesai",68700
"TRX00908","ST003",2026-06-13,49,15.26,"Gagal",0
"TRX00909","ST002",2026-02-02,20,14.05,"Selesai",35125
"TRX00910","ST004",2026-04-19,68,47.23,"Selesai",118075
"TRX00911","ST001",2026-06-11,43,8.54,"Selesai",21350
"TRX00912","ST001",2026-06-24,46,35.28,"Selesai",88200
"TRX00913","ST005",2026-04-26,44,12.08,"Selesai",30200
"TRX00914","ST008",2026-02-06,60,58.38,"Selesai",145950
"TRX00915","ST010",2026-03-28,53,57.71,"Selesai",144275
"TRX00916","ST010",2026-02-06,43,40.64,"Selesai",101600
"TRX00917","ST005",2026-05-28,66,56,"Selesai",140000
"TRX00918","ST002",2026-05-08,60,31.52,"Selesai",78800
"TRX00919","ST003",2026-03-06,47,35.49,"Selesai",88725
"TRX00920","ST004",2026-05-20,29,35.48,"Selesai",88700
"TRX00921","ST009",2026-01-14,64,5.32,"Selesai",13300
"TRX00922","ST005",2026-06-08,56,43.99,"Selesai",109975
"TRX00923","ST005",2026-05-15,39,9.96,"Selesai",24900
"TRX00924","ST004",2026-01-20,48,16.52,"Selesai",41300
"TRX00925","ST007",2026-02-14,24,6.5,"Selesai",16250
"TRX00926","ST008",2026-04-21,58,13.63,"Selesai",34075
"TRX00927","ST004",2026-01-15,17,5.83,"Gagal",0
"TRX00928","ST001",2026-05-01,56,49.25,"Gagal",0
"TRX00929","ST003",2026-02-06,43,32.1,"Selesai",80250
"TRX00930","ST006",2026-03-20,50,34.35,"Selesai",85875
"TRX00931","ST006",2026-05-27,33,11.07,"Selesai",27675
"TRX00932","ST005",2026-06-23,51,8.81,"Selesai",22025
"TRX00933","ST008",2026-06-27,59,5.49,"Selesai",13725
"TRX00934","ST005",2026-04-19,39,14.2,"Selesai",35500
"TRX00935","ST009",2026-03-03,38,37.35,"Gagal",0
"TRX00936","ST004",2026-03-23,45,34.77,"Selesai",86925
"TRX00937","ST004",2026-02-27,35,42.94,"Selesai",107350
"TRX00938","ST001",2026-06-09,38,53.43,"Selesai",133575
"TRX00939","ST003",2026-05-07,75,15.26,"Selesai",38150
"TRX00940","ST009",2026-04-16,40,36.7,"Selesai",91750
"TRX00941","ST006",2026-04-02,26,58.29,"Selesai",145725
"TRX00942","ST002",2026-03-13,11,32.34,"Selesai",80850
"TRX00943","ST004",2026-02-02,35,30.35,"Gagal",0
"TRX00944","ST001",2026-05-06,35,22.71,"Selesai",56775
"TRX00945","ST010",2026-06-28,39,24.01,"Selesai",60025
"TRX00946","ST001",2026-03-30,28,17.89,"Gagal",0
"TRX00947","ST004",2026-03-26,52,27.93,"Selesai",69825
"TRX00948","ST010",2026-01-30,10,19.38,"Gagal",0
"TRX00949","ST002",2026-06-24,58,25.06,"Selesai",62650
"TRX00950","ST004",2026-05-19,47,41.93,"Selesai",104825
"TRX00951","ST001",2026-05-14,65,32.63,"Selesai",81575
"TRX00952","ST006",2026-05-22,55,20.38,"Selesai",50950
"TRX00953","ST001",2026-01-10,69,6.97,"Selesai",17425
"TRX00954","ST010",2026-02-24,47,36.56,"Selesai",91400
"TRX00955","ST001",2026-03-05,51,33.65,"Selesai",84125
"TRX00956","ST007",2026-06-29,24,26.01,"Selesai",65025
"TRX00957","ST007",2026-06-27,42,34.45,"Selesai",86125
"TRX00958","ST009",2026-01-09,22,35.99,"Gagal",0
"TRX00959","ST007",2026-02-26,61,57.83,"Selesai",144575
"TRX00960","ST007",2026-05-07,45,51.54,"Gagal",0
"TRX00961","ST006",2026-04-28,12,13.9,"Gagal",0
"TRX00962","ST007",2026-06-12,51,48.32,"Selesai",120800
"TRX00963","ST004",2026-02-26,49,42.14,"Selesai",105350
"TRX00964","ST009",2026-03-05,55,31.53,"Gagal",0
"TRX00965","ST004",2026-01-01,79,32.24,"Gagal",0
"TRX00966","ST008",2026-04-15,49,13.83,"Selesai",34575
"TRX00967","ST004",2026-03-31,64,25.39,"Gagal",0
"TRX00968","ST003",2026-06-29,42,44.47,"Selesai",111175
"TRX00969","ST009",2026-06-05,39,42.06,"Selesai",105150
"TRX00970","ST003",2026-06-16,54,35.47,"Selesai",88675
"TRX00971","ST006",2026-01-05,59,57.23,"Gagal",0
"TRX00972","ST006",2026-02-22,33,13.57,"Selesai",33925
"TRX00973","ST007",2026-02-19,64,10.14,"Selesai",25350
"TRX00974","ST002",2026-02-21,32,51.33,"Selesai",128325
"TRX00975","ST004",2026-04-24,38,47.94,"Selesai",119850
"TRX00976","ST003",2026-03-08,48,49.52,"Selesai",123800
"TRX00977","ST001",2026-06-21,48,24.15,"Selesai",60375
"TRX00978","ST001",2026-01-10,49,18.43,"Selesai",46075
"TRX00979","ST010",2026-05-20,39,10.31,"Selesai",25775
"TRX00980","ST004",2026-03-04,34,59.8,"Gagal",0
"TRX00981","ST006",2026-03-27,42,24.14,"Selesai",60350
"TRX00982","ST004",2026-04-26,40,5.05,"Gagal",0
"TRX00983","ST006",2026-02-16,49,19.84,"Gagal",0
"TRX00984","ST009",2026-03-23,46,45.75,"Gagal",0
"TRX00985","ST006",2026-06-16,56,17.31,"Selesai",43275
"TRX00986","ST003",2026-06-11,37,22.35,"Selesai",55875
"TRX00987","ST008",2026-03-04,41,43.54,"Selesai",108850
"TRX00988","ST004",2026-02-20,67,36.7,"Selesai",91750
"TRX00989","ST003",2026-03-24,50,47.83,"Selesai",119575
"TRX00990","ST008",2026-01-22,27,13.09,"Selesai",32725
"TRX00991","ST010",2026-06-23,54,29.56,"Gagal",0
"TRX00992","ST004",2026-04-04,46,27.16,"Selesai",67900
"TRX00993","ST009",2026-03-17,28,48.18,"Selesai",120450
"TRX00994","ST008",2026-01-09,31,19.83,"Selesai",49575
"TRX00995","ST004",2026-04-08,48,58.34,"Selesai",145850
"TRX00996","ST004",2026-05-29,50,42.99,"Selesai",107475
"TRX00997","ST002",2026-02-23,44,41.73,"Selesai",104325
"TRX00998","ST004",2026-01-25,44,42.19,"Selesai",105475
"TRX00999","ST006",2026-01-26,39,42.55,"Selesai",106375
"TRX01000","ST004",2026-04-29,62,47.21,"Selesai",118025
"TRX01001","ST009",2026-01-01,59,40.46,"Gagal",0
"TRX01002","ST004",2026-06-02,18,41.04,"Selesai",102600
"TRX01003","ST009",2026-05-14,25,30.69,"Selesai",76725
"TRX01004","ST002",2026-01-05,50,30.61,"Gagal",0
"TRX01005","ST006",2026-02-06,30,35.91,"Gagal",0
"TRX01006","ST004",2026-05-13,28,30.39,"Selesai",75975
"TRX01007","ST002",2026-02-15,49,23.85,"Gagal",0
"TRX01008","ST010",2026-04-06,44,58.29,"Selesai",145725
"TRX01009","ST003",2026-03-01,47,10.26,"Selesai",25650
"TRX01010","ST009",2026-05-07,33,49.15,"Selesai",122875
"TRX01011","ST006",2026-03-31,33,11.57,"Selesai",28925
"TRX01012","ST002",2026-05-23,47,31.2,"Selesai",78000
"TRX01013","ST003",2026-06-03,45,7.26,"Selesai",18150
"TRX01014","ST003",2026-02-27,45,56.33,"Gagal",0
"TRX01015","ST003",2026-01-29,32,16.25,"Selesai",40625
"TRX01016","ST009",2026-04-15,49,42.07,"Selesai",105175
"TRX01017","ST004",2026-05-06,46,40.34,"Gagal",0
"TRX01018","ST003",2026-06-28,64,30.32,"Selesai",75800
"TRX01019","ST009",2026-05-28,38,30.4,"Selesai",76000
"TRX01020","ST001",2026-02-08,59,13.45,"Selesai",33625
"TRX01021","ST008",2026-05-19,31,34.14,"Selesai",85350
"TRX01022","ST004",2026-01-24,49,39.96,"Selesai",99900
"TRX01023","ST001",2026-04-25,29,31.01,"Selesai",77525
"TRX01024","ST001",2026-03-17,59,43.36,"Selesai",108400
"TRX01025","ST004",2026-02-02,52,10.32,"Selesai",25800
"TRX01026","ST001",2026-04-15,41,19.36,"Selesai",48400
"TRX01027","ST006",2026-04-27,43,50.91,"Selesai",127275
"TRX01028","ST004",2026-03-04,50,13.75,"Selesai",34375
"TRX01029","ST005",2026-04-23,53,46.95,"Selesai",117375
"TRX01030","ST008",2026-03-24,64,10.05,"Selesai",25125
"TRX01031","ST005",2026-02-05,39,27.32,"Selesai",68300
"TRX01032","ST003",2026-01-24,36,15.51,"Gagal",0
"TRX01033","ST004",2026-02-13,88,29.08,"Gagal",0
"TRX01034","ST003",2026-06-28,31,52.19,"Selesai",130475
"TRX01035","ST001",2026-04-15,50,48.36,"Selesai",120900
"TRX01036","ST002",2026-04-18,61,42.41,"Selesai",106025
"TRX01037","ST005",2026-01-27,10,47.15,"Selesai",117875
"TRX01038","ST007",2026-01-10,64,14.73,"Selesai",36825
"TRX01039","ST006",2026-06-04,58,5.05,"Gagal",0
"TRX01040","ST004",2026-02-01,38,8.13,"Selesai",20325
"TRX01041","ST005",2026-01-29,38,54.58,"Selesai",136450
"TRX01042","ST001",2026-02-22,47,5.15,"Selesai",12875
"TRX01043","ST001",2026-04-01,79,39.03,"Selesai",97575
"TRX01044","ST007",2026-01-07,59,14.6,"Selesai",36500
"TRX01045","ST010",2026-05-03,34,19.48,"Selesai",48700
"TRX01046","ST003",2026-03-08,37,42.6,"Selesai",106500
"TRX01047","ST002",2026-02-15,37,16.53,"Selesai",41325
"TRX01048","ST009",2026-03-14,53,11.38,"Selesai",28450
"TRX01049","ST005",2026-06-26,78,43.48,"Gagal",0
"TRX01050","ST004",2026-01-12,43,39.1,"Selesai",97750
"TRX01051","ST009",2026-01-08,50,58.38,"Gagal",0
"TRX01052","ST003",2026-03-03,49,57.71,"Selesai",144275
"TRX01053","ST004",2026-01-09,77,51.85,"Gagal",0
"TRX01054","ST007",2026-01-07,24,5.84,"Gagal",0
"TRX01055","ST001",2026-06-09,39,23.08,"Selesai",57700
"TRX01056","ST009",2026-05-15,55,29.88,"Selesai",74700
"TRX01057","ST007",2026-01-13,32,17.6,"Selesai",44000
"TRX01058","ST002",2026-05-06,31,14.06,"Selesai",35150
"TRX01059","ST004",2026-03-23,95,13.8,"Selesai",34500
"TRX01060","ST001",2026-05-19,48,50.7,"Selesai",126750
"TRX01061","ST004",2026-01-25,32,48.93,"Selesai",122325
"TRX01062","ST008",2026-03-21,51,32.61,"Selesai",81525
"TRX01063","ST004",2026-05-09,38,20.39,"Selesai",50975
"TRX01064","ST004",2026-01-15,26,40.11,"Selesai",100275
"TRX01065","ST001",2026-05-05,53,40.44,"Selesai",101100
"TRX01066","ST010",2026-03-30,72,36.35,"Gagal",0
"TRX01067","ST008",2026-04-15,76,38.41,"Selesai",96025
"TRX01068","ST003",2026-06-13,29,37.52,"Selesai",93800
"TRX01069","ST006",2026-03-30,12,9,"Gagal",0
"TRX01070","ST007",2026-05-06,69,39.6,"Selesai",99000
"TRX01071","ST002",2026-01-30,54,37.91,"Selesai",94775
"TRX01072","ST004",2026-04-05,30,14.1,"Gagal",0
"TRX01073","ST006",2026-05-11,31,17.99,"Gagal",0
"TRX01074","ST005",2026-06-24,27,54.5,"Selesai",136250
"TRX01075","ST003",2026-05-03,49,19.86,"Selesai",49650
"TRX01076","ST007",2026-04-10,50,56.53,"Gagal",0
"TRX01077","ST008",2026-01-09,48,49.33,"Selesai",123325
"TRX01078","ST004",2026-02-28,41,29.2,"Selesai",73000
"TRX01079","ST004",2026-03-09,41,12.72,"Gagal",0
"TRX01080","ST004",2026-04-05,49,28.54,"Gagal",0
"TRX01081","ST006",2026-03-05,50,57.96,"Gagal",0
"TRX01082","ST005",2026-02-05,27,6.8,"Selesai",17000
"TRX01083","ST001",2026-04-02,68,19.76,"Gagal",0
"TRX01084","ST010",2026-02-08,24,36.11,"Selesai",90275
"TRX01085","ST010",2026-03-13,26,30.81,"Selesai",77025
"TRX01086","ST004",2026-01-05,24,5.67,"Selesai",14175
"TRX01087","ST005",2026-01-21,75,34.33,"Selesai",85825
"TRX01088","ST002",2026-06-05,53,28.07,"Gagal",0
"TRX01089","ST010",2026-06-11,45,30.79,"Selesai",76975
"TRX01090","ST004",2026-01-31,33,8.75,"Selesai",21875
"TRX01091","ST008",2026-05-02,45,15.68,"Selesai",39200
"TRX01092","ST004",2026-05-06,38,16.56,"Selesai",41400
"TRX01093","ST009",2026-06-30,70,44.14,"Selesai",110350
"TRX01094","ST002",2026-06-16,52,28.93,"Selesai",72325
"TRX01095","ST003",2026-06-29,22,58.68,"Gagal",0
"TRX01096","ST002",2026-03-18,26,43.53,"Gagal",0
"TRX01097","ST002",2026-01-09,56,33.09,"Gagal",0
"TRX01098","ST004",2026-06-22,30,55.58,"Gagal",0
"TRX01099","ST008",2026-04-30,48,13.54,"Gagal",0
"TRX01100","ST002",2026-04-27,37,23.42,"Gagal",0
"TRX01101","ST004",2026-05-23,42,32.51,"Selesai",81275
"TRX01102","ST007",2026-02-07,47,27.87,"Gagal",0
"TRX01103","ST007",2026-03-19,60,27.3,"Selesai",68250
"TRX01104","ST004",2026-05-25,46,27.48,"Selesai",68700
"TRX01105","ST006",2026-06-04,46,53.38,"Selesai",133450
"TRX01106","ST007",2026-01-20,57,22.12,"Selesai",55300
"TRX01107","ST009",2026-01-11,46,14.93,"Selesai",37325
"TRX01108","ST006",2026-06-07,46,25.86,"Gagal",0
"TRX01109","ST009",2026-04-17,44,26.37,"Selesai",65925
"TRX01110","ST008",2026-06-24,40,46.92,"Gagal",0
"TRX01111","ST007",2026-01-06,70,51.59,"Gagal",0
"TRX01112","ST001",2026-01-28,33,57.83,"Selesai",144575
"TRX01113","ST005",2026-06-12,35,37.49,"Gagal",0
"TRX01114","ST010",2026-06-23,15,56.79,"Selesai",141975
"TRX01115","ST004",2026-02-18,24,53.54,"Selesai",133850
"TRX01116","ST004",2026-03-16,35,30,"Selesai",75000
"TRX01117","ST009",2026-03-25,56,7.59,"Gagal",0
"TRX01118","ST009",2026-04-27,41,44.65,"Selesai",111625
"TRX01119","ST004",2026-06-22,43,17.83,"Selesai",44575
"TRX01120","ST008",2026-05-06,40,20.38,"Selesai",50950
"TRX01121","ST010",2026-03-19,33,18.28,"Gagal",0
"TRX01122","ST008",2026-04-05,43,8.62,"Selesai",21550
"TRX01123","ST002",2026-05-13,43,30.01,"Gagal",0
"TRX01124","ST001",2026-04-12,61,43.39,"Selesai",108475
"TRX01125","ST009",2026-06-09,54,10.72,"Selesai",26800
"TRX01126","ST009",2026-02-22,49,40.39,"Selesai",100975
"TRX01127","ST002",2026-03-13,36,20.75,"Gagal",0
"TRX01128","ST009",2026-03-31,22,56.97,"Selesai",142425
"TRX01129","ST004",2026-01-21,53,6.73,"Selesai",16825
"TRX01130","ST006",2026-05-02,25,28.71,"Gagal",0
"TRX01131","ST004",2026-01-08,33,45.29,"Selesai",113225
"TRX01132","ST010",2026-01-01,44,7.38,"Selesai",18450
"TRX01133","ST010",2026-05-04,67,23.53,"Selesai",58825
"TRX01134","ST004",2026-01-02,65,38.67,"Selesai",96675
"TRX01135","ST006",2026-02-27,38,37.59,"Selesai",93975
"TRX01136","ST002",2026-03-18,68,8.57,"Selesai",21425
"TRX01137","ST001",2026-06-18,81,30.02,"Gagal",0
"TRX01138","ST004",2026-01-23,42,12.26,"Selesai",30650
"TRX01139","ST001",2026-01-08,48,44.85,"Selesai",112125
"TRX01140","ST002",2026-03-04,46,22.71,"Gagal",0
"TRX01141","ST003",2026-04-29,62,41.31,"Selesai",103275
"TRX01142","ST005",2026-03-15,20,22.94,"Gagal",0
"TRX01143","ST006",2026-03-06,38,6.9,"Selesai",17250
"TRX01144","ST010",2026-05-27,41,9.63,"Gagal",0
"TRX01145","ST003",2026-01-10,64,10.52,"Selesai",26300
"TRX01146","ST003",2026-04-14,54,51.9,"Gagal",0
"TRX01147","ST004",2026-01-16,31,14.71,"Selesai",36775
"TRX01148","ST001",2026-03-04,40,39.1,"Selesai",97750
"TRX01149","ST006",2026-01-24,70,6.8,"Gagal",0
"TRX01150","ST004",2026-04-02,37,14.85,"Gagal",0
"TRX01151","ST008",2026-02-27,48,5.9,"Selesai",14750
"TRX01152","ST004",2026-03-15,72,15.94,"Selesai",39850
"TRX01153","ST005",2026-01-09,50,51.09,"Selesai",127725
"TRX01154","ST009",2026-04-25,47,11.04,"Gagal",0
"TRX01155","ST002",2026-03-13,29,30.37,"Selesai",75925
"TRX01156","ST005",2026-01-08,52,40.06,"Selesai",100150
"TRX01157","ST006",2026-06-27,64,29.33,"Selesai",73325
"TRX01158","ST002",2026-03-21,48,49.59,"Selesai",123975
"TRX01159","ST009",2026-05-24,41,25.94,"Selesai",64850
"TRX01160","ST003",2026-04-19,35,22.87,"Selesai",57175
"TRX01161","ST002",2026-04-25,42,12.97,"Selesai",32425
"TRX01162","ST006",2026-02-05,61,51.51,"Gagal",0
"TRX01163","ST001",2026-06-07,47,43.49,"Selesai",108725
"TRX01164","ST006",2026-03-26,65,25.61,"Selesai",64025
"TRX01165","ST004",2026-06-08,59,39.09,"Selesai",97725
"TRX01166","ST003",2026-05-12,39,38.1,"Selesai",95250
"TRX01167","ST004",2026-01-10,36,30.82,"Selesai",77050
"TRX01168","ST001",2026-05-13,49,52.73,"Selesai",131825
"TRX01169","ST007",2026-05-20,51,41.16,"Selesai",102900
"TRX01170","ST006",2026-04-10,28,17.1,"Selesai",42750
"TRX01171","ST004",2026-01-28,32,52.48,"Selesai",131200
"TRX01172","ST007",2026-02-28,46,34.97,"Selesai",87425
"TRX01173","ST008",2026-04-17,16,8.59,"Selesai",21475
"TRX01174","ST008",2026-01-28,41,43.64,"Selesai",109100
"TRX01175","ST004",2026-01-13,59,46.66,"Selesai",116650
"TRX01176","ST004",2026-02-22,31,23.49,"Selesai",58725
"TRX01177","ST006",2026-04-28,37,50.99,"Selesai",127475
"TRX01178","ST005",2026-05-10,64,35.75,"Selesai",89375
"TRX01179","ST006",2026-02-15,39,29.13,"Selesai",72825
"TRX01180","ST005",2026-02-07,34,41.03,"Gagal",0
"TRX01181","ST006",2026-05-07,27,27.29,"Selesai",68225
"TRX01182","ST004",2026-03-16,55,53.51,"Gagal",0
"TRX01183","ST002",2026-03-06,40,43.58,"Selesai",108950
"TRX01184","ST003",2026-04-04,49,50.15,"Selesai",125375
"TRX01185","ST010",2026-03-04,40,10.12,"Selesai",25300
"TRX01186","ST009",2026-03-15,45,24.06,"Selesai",60150
"TRX01187","ST006",2026-01-29,53,38.01,"Selesai",95025
"TRX01188","ST006",2026-06-01,26,45.08,"Gagal",0
"TRX01189","ST006",2026-05-29,23,34.85,"Selesai",87125
"TRX01190","ST008",2026-05-20,39,56.69,"Selesai",141725
"TRX01191","ST002",2026-02-14,35,41.48,"Selesai",103700
"TRX01192","ST010",2026-01-23,62,19.56,"Selesai",48900
"TRX01193","ST001",2026-02-18,45,32.82,"Selesai",82050
"TRX01194","ST004",2026-02-24,21,55.71,"Selesai",139275
"TRX01195","ST005",2026-04-14,24,32.69,"Selesai",81725
"TRX01196","ST007",2026-02-22,40,9.69,"Selesai",24225
"TRX01197","ST004",2026-02-18,77,25.5,"Selesai",63750
"TRX01198","ST004",2026-04-04,42,15.17,"Selesai",37925
"TRX01199","ST009",2026-01-20,32,44.13,"Selesai",110325
"TRX01200","ST006",2026-05-10,43,35.5,"Selesai",88750
"TRX01201","ST006",2026-06-30,32,16.51,"Gagal",0
"TRX01202","ST006",2026-05-31,57,7.43,"Gagal",0
"TRX01203","ST007",2026-06-22,35,49.66,"Gagal",0
"TRX01204","ST003",2026-06-02,27,39.41,"Gagal",0
"TRX01205","ST009",2026-06-20,39,13.18,"Gagal",0
"TRX01206","ST008",2026-02-17,37,5.91,"Selesai",14775
"TRX01207","ST009",2026-05-11,46,38.25,"Selesai",95625
"TRX01208","ST002",2026-02-08,55,17.59,"Selesai",43975
"TRX01209","ST003",2026-02-26,47,34.36,"Selesai",85900
"TRX01210","ST007",2026-03-21,55,14.38,"Selesai",35950
"TRX01211","ST005",2026-03-16,33,59.65,"Gagal",0
"TRX01212","ST005",2026-05-23,31,50.37,"Selesai",125925
"TRX01213","ST004",2026-04-03,41,32.52,"Selesai",81300
"TRX01214","ST001",2026-02-21,47,12.47,"Gagal",0
"TRX01215","ST009",2026-01-01,37,10.32,"Selesai",25800
"TRX01216","ST002",2026-01-18,40,54.65,"Gagal",0
"TRX01217","ST001",2026-04-06,55,19.48,"Selesai",48700
"TRX01218","ST006",2026-04-18,56,16.46,"Gagal",0
"TRX01219","ST004",2026-01-08,56,17.23,"Selesai",43075
"TRX01220","ST009",2026-05-08,50,25.22,"Selesai",63050
"TRX01221","ST004",2026-03-25,62,48.75,"Selesai",121875
"TRX01222","ST007",2026-01-10,54,16.19,"Gagal",0
"TRX01223","ST002",2026-01-18,41,9.82,"Gagal",0
"TRX01224","ST001",2026-05-25,64,52.26,"Gagal",0
"TRX01225","ST005",2026-03-22,39,20.01,"Gagal",0
"TRX01226","ST009",2026-06-06,49,10.07,"Selesai",25175
"TRX01227","ST007",2026-05-09,43,51.01,"Gagal",0
"TRX01228","ST004",2026-01-14,25,47.37,"Selesai",118425
"TRX01229","ST008",2026-06-18,50,23.34,"Selesai",58350
"TRX01230","ST002",2026-03-24,22,50.96,"Selesai",127400
"TRX01231","ST009",2026-03-31,63,37.69,"Selesai",94225
"TRX01232","ST004",2026-04-23,52,24.42,"Selesai",61050
"TRX01233","ST003",2026-05-10,49,41.19,"Selesai",102975
"TRX01234","ST010",2026-01-12,42,10.32,"Gagal",0
"TRX01235","ST009",2026-01-03,35,32.11,"Selesai",80275
"TRX01236","ST002",2026-05-24,64,47.12,"Selesai",117800
"TRX01237","ST007",2026-06-29,45,42.27,"Selesai",105675
"TRX01238","ST006",2026-03-25,71,14.13,"Selesai",35325
"TRX01239","ST002",2026-06-28,50,25.9,"Selesai",64750
"TRX01240","ST004",2026-06-18,76,15.31,"Selesai",38275
"TRX01241","ST009",2026-05-10,48,52.03,"Selesai",130075
"TRX01242","ST006",2026-04-05,31,18.55,"Gagal",0
"TRX01243","ST009",2026-03-11,65,57.6,"Gagal",0
"TRX01244","ST005",2026-06-27,65,14.63,"Selesai",36575
"TRX01245","ST003",2026-03-11,36,11.18,"Selesai",27950
"TRX01246","ST009",2026-06-05,46,57.33,"Selesai",143325
"TRX01247","ST007",2026-03-18,31,57.44,"Gagal",0
"TRX01248","ST009",2026-02-17,42,45.17,"Selesai",112925
"TRX01249","ST003",2026-02-20,20,8.01,"Gagal",0
"TRX01250","ST010",2026-03-03,60,39.79,"Gagal",0
"TRX01251","ST010",2026-02-09,59,41.7,"Selesai",104250
"TRX01252","ST010",2026-05-06,22,20.53,"Gagal",0
"TRX01253","ST001",2026-02-24,42,59.1,"Gagal",0
"TRX01254","ST004",2026-05-28,47,51.93,"Selesai",129825
"TRX01255","ST007",2026-05-27,37,27.08,"Selesai",67700
"TRX01256","ST004",2026-03-08,44,13.51,"Gagal",0
"TRX01257","ST007",2026-04-29,44,26.73,"Selesai",66825
"TRX01258","ST001",2026-03-17,49,27.92,"Gagal",0
"TRX01259","ST006",2026-02-28,30,52.44,"Selesai",131100
"TRX01260","ST008",2026-02-22,39,52.57,"Selesai",131425
"TRX01261","ST007",2026-02-19,36,10.97,"Selesai",27425
"TRX01262","ST010",2026-02-22,39,14.64,"Gagal",0
"TRX01263","ST010",2026-04-14,34,20.67,"Selesai",51675
"TRX01264","ST003",2026-03-07,49,33.32,"Selesai",83300
"TRX01265","ST006",2026-05-28,27,27.51,"Gagal",0
"TRX01266","ST002",2026-05-23,51,17.15,"Gagal",0
"TRX01267","ST008",2026-04-22,54,38.18,"Selesai",95450
"TRX01268","ST002",2026-04-21,20,24.2,"Selesai",60500
"TRX01269","ST008",2026-03-15,67,7.51,"Selesai",18775
"TRX01270","ST001",2026-06-13,59,31.32,"Selesai",78300
"TRX01271","ST003",2026-04-11,66,24.62,"Selesai",61550
"TRX01272","ST010",2026-03-27,48,28.39,"Selesai",70975
"TRX01273","ST003",2026-03-20,79,48.18,"Gagal",0
"TRX01274","ST006",2026-05-19,57,50.81,"Selesai",127025
"TRX01275","ST010",2026-04-28,49,35.99,"Selesai",89975
"TRX01276","ST007",2026-04-20,45,45.39,"Selesai",113475
"TRX01277","ST003",2026-02-09,29,25.45,"Gagal",0
"TRX01278","ST010",2026-03-31,53,48.63,"Gagal",0
"TRX01279","ST001",2026-06-01,46,36.48,"Selesai",91200
"TRX01280","ST001",2026-04-23,69,49.07,"Selesai",122675
"TRX01281","ST009",2026-03-23,55,14.33,"Selesai",35825
"TRX01282","ST001",2026-05-07,33,54.97,"Selesai",137425
"TRX01283","ST001",2026-03-25,31,29.16,"Selesai",72900
"TRX01284","ST003",2026-04-13,63,37.44,"Selesai",93600
"TRX01285","ST004",2026-02-04,51,10.69,"Selesai",26725
"TRX01286","ST007",2026-05-20,38,45.88,"Gagal",0
"TRX01287","ST010",2026-04-12,35,56.38,"Selesai",140950
"TRX01288","ST007",2026-01-27,18,25.17,"Gagal",0
"TRX01289","ST004",2026-06-23,52,39.51,"Selesai",98775
"TRX01290","ST002",2026-04-21,51,29.96,"Selesai",74900
"TRX01291","ST004",2026-06-22,68,36.9,"Selesai",92250
"TRX01292","ST001",2026-06-16,72,43.72,"Selesai",109300
"TRX01293","ST004",2026-01-20,27,6.16,"Selesai",15400
"TRX01294","ST010",2026-06-05,41,25.23,"Gagal",0
"TRX01295","ST009",2026-05-15,32,11.19,"Selesai",27975
"TRX01296","ST004",2026-03-23,47,24.47,"Gagal",0
"TRX01297","ST002",2026-06-07,65,33.38,"Selesai",83450
"TRX01298","ST001",2026-02-12,43,38.41,"Selesai",96025
"TRX01299","ST007",2026-02-01,51,23.3,"Selesai",58250
"TRX01300","ST001",2026-06-29,88,56.57,"Gagal",0
"TRX01301","ST009",2026-01-10,35,47.74,"Gagal",0
"TRX01302","ST005",2026-01-16,44,9.51,"Selesai",23775
"TRX01303","ST006",2026-06-24,27,51.79,"Selesai",129475
"TRX01304","ST004",2026-04-29,22,22.52,"Selesai",56300
"TRX01305","ST004",2026-05-12,29,12.3,"Selesai",30750
"TRX01306","ST008",2026-06-21,69,40.67,"Selesai",101675
"TRX01307","ST010",2026-06-14,31,28.23,"Selesai",70575
"TRX01308","ST008",2026-06-22,64,39.39,"Selesai",98475
"TRX01309","ST008",2026-06-09,54,58.2,"Selesai",145500
"TRX01310","ST006",2026-04-11,50,9.32,"Gagal",0
"TRX01311","ST004",2026-05-28,45,46.39,"Gagal",0
"TRX01312","ST010",2026-01-20,46,17.64,"Selesai",44100
"TRX01313","ST001",2026-04-20,55,51.03,"Selesai",127575
"TRX01314","ST001",2026-01-01,51,12.2,"Gagal",0
"TRX01315","ST001",2026-04-16,26,16.47,"Selesai",41175
"TRX01316","ST001",2026-01-11,46,31.5,"Selesai",78750
"TRX01317","ST004",2026-02-27,58,51.19,"Selesai",127975
"TRX01318","ST002",2026-01-29,46,54.8,"Selesai",137000
"TRX01319","ST010",2026-02-26,49,7.6,"Selesai",19000
"TRX01320","ST002",2026-03-04,40,32.47,"Selesai",81175
"TRX01321","ST001",2026-03-31,68,25.9,"Selesai",64750
"TRX01322","ST006",2026-06-14,17,27.88,"Selesai",69700
"TRX01323","ST008",2026-06-07,35,20.07,"Selesai",50175
"TRX01324","ST008",2026-02-16,67,59.33,"Selesai",148325
"TRX01325","ST002",2026-03-21,31,55.86,"Selesai",139650
"TRX01326","ST010",2026-03-14,58,19.97,"Selesai",49925
"TRX01327","ST010",2026-04-10,73,25.05,"Gagal",0
"TRX01328","ST009",2026-02-04,33,34.99,"Selesai",87475
"TRX01329","ST005",2026-03-29,49,24.27,"Gagal",0
"TRX01330","ST006",2026-06-10,68,25.29,"Selesai",63225
"TRX01331","ST007",2026-03-09,47,17.87,"Selesai",44675
"TRX01332","ST003",2026-05-29,57,15.02,"Gagal",0
"TRX01333","ST008",2026-04-17,12,34.69,"Gagal",0
"TRX01334","ST008",2026-02-20,78,45.02,"Selesai",112550
"TRX01335","ST002",2026-06-13,18,43.23,"Selesai",108075
"TRX01336","ST007",2026-01-18,40,21.53,"Selesai",53825
"TRX01337","ST004",2026-02-24,27,8.24,"Gagal",0
"TRX01338","ST003",2026-05-01,55,49.14,"Selesai",122850
"TRX01339","ST002",2026-06-22,63,29.83,"Selesai",74575
"TRX01340","ST002",2026-05-06,72,23.79,"Selesai",59475
"TRX01341","ST010",2026-02-05,29,56.46,"Selesai",141150
"TRX01342","ST003",2026-03-23,74,29.4,"Selesai",73500
"TRX01343","ST007",2026-03-22,50,23.06,"Gagal",0
"TRX01344","ST002",2026-03-28,35,16.43,"Selesai",41075
"TRX01345","ST006",2026-02-22,58,15.56,"Gagal",0
"TRX01346","ST008",2026-02-13,62,25.48,"Selesai",63700
"TRX01347","ST004",2026-06-24,25,44.94,"Selesai",112350
"TRX01348","ST001",2026-03-23,25,40.6,"Gagal",0
"TRX01349","ST010",2026-03-08,47,44.99,"Selesai",112475
"TRX01350","ST002",2026-06-18,52,6.27,"Gagal",0
"TRX01351","ST003",2026-03-25,40,9.27,"Gagal",0
"TRX01352","ST007",2026-02-21,35,13.73,"Gagal",0
"TRX01353","ST004",2026-02-27,63,57.68,"Selesai",144200
"TRX01354","ST001",2026-03-18,70,38.64,"Selesai",96600
"TRX01355","ST010",2026-01-01,43,36.68,"Selesai",91700
"TRX01356","ST004",2026-06-09,61,12.45,"Selesai",31125
"TRX01357","ST004",2026-03-31,37,57.63,"Selesai",144075
"TRX01358","ST006",2026-02-08,39,51.05,"Selesai",127625
"TRX01359","ST002",2026-06-13,56,12.84,"Selesai",32100
"TRX01360","ST003",2026-01-19,48,13.51,"Gagal",0
"TRX01361","ST002",2026-06-04,46,35.05,"Selesai",87625
"TRX01362","ST009",2026-05-30,27,15.66,"Selesai",39150
"TRX01363","ST004",2026-04-18,47,27.64,"Selesai",69100
"TRX01364","ST006",2026-04-05,34,27.56,"Selesai",68900
"TRX01365","ST008",2026-06-18,33,58.57,"Selesai",146425
"TRX01366","ST006",2026-04-19,69,26.6,"Selesai",66500
"TRX01367","ST001",2026-06-23,27,17.02,"Selesai",42550
"TRX01368","ST004",2026-06-05,37,26.99,"Selesai",67475
"TRX01369","ST008",2026-06-22,14,48.2,"Gagal",0
"TRX01370","ST003",2026-03-19,31,41.37,"Gagal",0
"TRX01371","ST001",2026-04-13,35,12.41,"Selesai",31025
"TRX01372","ST007",2026-06-08,59,44.41,"Selesai",111025
"TRX01373","ST001",2026-04-13,38,39.15,"Selesai",97875
"TRX01374","ST006",2026-01-07,63,6.9,"Gagal",0
"TRX01375","ST006",2026-03-17,72,53.54,"Gagal",0
"TRX01376","ST003",2026-01-22,40,50.64,"Gagal",0
"TRX01377","ST001",2026-03-07,45,59.06,"Selesai",147650
"TRX01378","ST004",2026-06-14,38,55.08,"Selesai",137700
"TRX01379","ST001",2026-01-11,61,17.2,"Gagal",0
"TRX01380","ST005",2026-02-14,42,17.39,"Selesai",43475
"TRX01381","ST003",2026-01-04,29,26.75,"Selesai",66875
"TRX01382","ST008",2026-01-29,43,6.63,"Gagal",0
"TRX01383","ST004",2026-04-18,51,47.1,"Selesai",117750
"TRX01384","ST003",2026-03-27,21,7.78,"Selesai",19450
"TRX01385","ST010",2026-03-22,53,5.91,"Gagal",0
"TRX01386","ST001",2026-04-16,60,6.53,"Gagal",0
"TRX01387","ST003",2026-01-16,39,8.93,"Selesai",22325
"TRX01388","ST002",2026-02-09,42,39.17,"Selesai",97925
"TRX01389","ST004",2026-01-12,26,34.93,"Selesai",87325
"TRX01390","ST006",2026-01-06,36,45.54,"Gagal",0
"TRX01391","ST001",2026-01-06,61,18.3,"Gagal",0
"TRX01392","ST008",2026-05-26,45,56.14,"Selesai",140350
"TRX01393","ST003",2026-02-02,43,47.84,"Gagal",0
"TRX01394","ST002",2026-01-13,21,39.48,"Selesai",98700
"TRX01395","ST004",2026-03-13,57,49.19,"Selesai",122975
"TRX01396","ST002",2026-04-07,45,50.22,"Selesai",125550
"TRX01397","ST001",2026-01-26,43,59.97,"Selesai",149925
"TRX01398","ST004",2026-03-22,31,20.88,"Selesai",52200
"TRX01399","ST002",2026-05-09,22,14.37,"Selesai",35925
"TRX01400","ST006",2026-06-09,15,13.82,"Selesai",34550
"TRX01401","ST007",2026-04-07,40,14.1,"Gagal",0
"TRX01402","ST004",2026-06-29,28,38.3,"Selesai",95750
"TRX01403","ST007",2026-02-13,45,22.89,"Selesai",57225
"TRX01404","ST001",2026-03-08,40,39.76,"Gagal",0
"TRX01405","ST003",2026-05-22,57,23.36,"Selesai",58400
"TRX01406","ST003",2026-05-13,44,6.05,"Selesai",15125
"TRX01407","ST001",2026-02-03,52,50.94,"Gagal",0
"TRX01408","ST007",2026-05-26,13,50.42,"Selesai",126050
"TRX01409","ST003",2026-04-19,49,11.61,"Selesai",29025
"TRX01410","ST006",2026-01-11,52,19.85,"Selesai",49625
"TRX01411","ST003",2026-01-11,52,27.52,"Gagal",0
"TRX01412","ST001",2026-03-14,46,30.05,"Selesai",75125
"TRX01413","ST004",2026-03-09,18,42.52,"Selesai",106300
"TRX01414","ST001",2026-02-26,42,13.54,"Selesai",33850
"TRX01415","ST004",2026-03-31,10,52.74,"Selesai",131850
"TRX01416","ST006",2026-02-03,35,45.58,"Selesai",113950
"TRX01417","ST010",2026-03-29,47,21.39,"Selesai",53475
"TRX01418","ST004",2026-01-11,57,24.55,"Selesai",61375
"TRX01419","ST006",2026-02-01,50,23.9,"Selesai",59750
"TRX01420","ST009",2026-03-02,35,9.27,"Selesai",23175
"TRX01421","ST006",2026-05-25,50,53.81,"Selesai",134525
"TRX01422","ST006",2026-03-26,63,38.76,"Selesai",96900
"TRX01423","ST005",2026-03-13,35,12.45,"Gagal",0
"TRX01424","ST009",2026-04-21,42,7.73,"Gagal",0
"TRX01425","ST006",2026-01-04,48,6.49,"Selesai",16225
"TRX01426","ST005",2026-06-28,38,28.35,"Selesai",70875
"TRX01427","ST001",2026-03-22,40,39.65,"Selesai",99125
"TRX01428","ST003",2026-01-07,60,32.93,"Gagal",0
"TRX01429","ST009",2026-03-02,62,10.27,"Gagal",0
"TRX01430","ST008",2026-03-20,38,59.81,"Selesai",149525
"TRX01431","ST001",2026-06-14,63,26.36,"Selesai",65900
"TRX01432","ST008",2026-05-11,23,43.24,"Selesai",108100
"TRX01433","ST008",2026-04-27,28,13.59,"Gagal",0
"TRX01434","ST009",2026-04-27,46,10.58,"Selesai",26450
"TRX01435","ST001",2026-02-27,42,27.18,"Selesai",67950
"TRX01436","ST007",2026-03-30,47,40.57,"Selesai",101425
"TRX01437","ST003",2026-03-04,39,16.86,"Selesai",42150
"TRX01438","ST005",2026-04-03,22,30.34,"Selesai",75850
"TRX01439","ST004",2026-04-26,51,53.23,"Selesai",133075
"TRX01440","ST001",2026-06-02,41,37.3,"Selesai",93250
"TRX01441","ST007",2026-03-20,63,21.09,"Selesai",52725
"TRX01442","ST003",2026-06-04,66,7.92,"Gagal",0
"TRX01443","ST008",2026-05-29,41,58.41,"Selesai",146025
"TRX01444","ST002",2026-02-28,65,57.45,"Gagal",0
"TRX01445","ST001",2026-01-25,67,54.74,"Selesai",136850
"TRX01446","ST007",2026-02-12,16,44.14,"Selesai",110350
"TRX01447","ST007",2026-02-12,57,15.98,"Selesai",39950
"TRX01448","ST008",2026-02-19,22,24.43,"Selesai",61075
"TRX01449","ST007",2026-05-15,50,5.39,"Selesai",13475
"TRX01450","ST008",2026-02-14,38,6.17,"Gagal",0
"TRX01451","ST008",2026-02-26,42,14.74,"Selesai",36850
"TRX01452","ST002",2026-06-13,58,41.01,"Gagal",0
"TRX01453","ST010",2026-03-11,43,37.32,"Gagal",0
"TRX01454","ST006",2026-04-22,22,9.47,"Selesai",23675
"TRX01455","ST003",2026-04-11,64,40.79,"Gagal",0
"TRX01456","ST005",2026-03-29,26,11.52,"Selesai",28800
"TRX01457","ST003",2026-01-09,67,49.84,"Selesai",124600
"TRX01458","ST004",2026-01-12,55,43.84,"Selesai",109600
"TRX01459","ST003",2026-03-22,50,27.21,"Gagal",0
"TRX01460","ST003",2026-04-16,10,47.28,"Gagal",0
"TRX01461","ST002",2026-02-04,20,50.66,"Selesai",126650
"TRX01462","ST007",2026-03-11,18,24.39,"Selesai",60975
"TRX01463","ST006",2026-05-04,15,26,"Gagal",0
"TRX01464","ST004",2026-01-03,20,7.76,"Gagal",0
"TRX01465","ST007",2026-06-25,50,41.28,"Selesai",103200
"TRX01466","ST007",2026-02-01,44,5.51,"Selesai",13775
"TRX01467","ST003",2026-02-16,32,35.72,"Selesai",89300
"TRX01468","ST003",2026-02-01,61,9.44,"Selesai",23600
"TRX01469","ST001",2026-01-12,33,53.29,"Selesai",133225
"TRX01470","ST001",2026-03-22,39,18.36,"Gagal",0
"TRX01471","ST009",2026-02-03,37,31.68,"Selesai",79200
"TRX01472","ST003",2026-05-03,23,14.08,"Selesai",35200
"TRX01473","ST006",2026-02-11,75,16.4,"Selesai",41000
"TRX01474","ST009",2026-02-27,70,39.43,"Selesai",98575
"TRX01475","ST003",2026-02-01,19,59.9,"Selesai",149750
"TRX01476","ST006",2026-03-08,40,16.35,"Selesai",40875
"TRX01477","ST009",2026-04-05,16,10.79,"Selesai",26975
"TRX01478","ST001",2026-04-18,51,42.5,"Selesai",106250
"TRX01479","ST002",2026-06-02,47,37.23,"Selesai",93075
"TRX01480","ST009",2026-02-12,37,53.62,"Selesai",134050
"TRX01481","ST003",2026-01-05,18,16.06,"Selesai",40150
"TRX01482","ST005",2026-05-05,34,23.04,"Selesai",57600
"TRX01483","ST005",2026-04-26,63,43.48,"Gagal",0
"TRX01484","ST002",2026-05-11,17,9.84,"Selesai",24600
"TRX01485","ST004",2026-05-26,29,48.44,"Selesai",121100
"TRX01486","ST002",2026-05-13,46,11.49,"Selesai",28725
"TRX01487","ST004",2026-04-20,62,52.03,"Selesai",130075
"TRX01488","ST005",2026-04-09,35,47.71,"Gagal",0
"TRX01489","ST004",2026-05-22,10,6.47,"Selesai",16175
"TRX01490","ST002",2026-05-05,84,8.28,"Selesai",20700
"TRX01491","ST010",2026-03-24,29,52.03,"Gagal",0
"TRX01492","ST003",2026-02-02,67,57,"Selesai",142500
"TRX01493","ST001",2026-01-28,30,59.28,"Selesai",148200
"TRX01494","ST006",2026-06-16,48,38.55,"Selesai",96375
"TRX01495","ST006",2026-03-25,34,26.41,"Selesai",66025
"TRX01496","ST007",2026-06-11,44,50.71,"Selesai",126775
"TRX01497","ST007",2026-03-03,42,12.11,"Selesai",30275
"TRX01498","ST010",2026-03-26,23,17.67,"Selesai",44175
"TRX01499","ST001",2026-01-05,43,10.77,"Selesai",26925
"TRX01500","ST003",2026-05-30,44,19.34,"Gagal",0
